-0.35417234260866887,0.4822584541521759,-0.5630901226693613,0.8118084955213457,1.7991584205525784,0.6782389881983641,-0.24865976972357062,1.3152272365628597,-2.2820187159364136,-0.8593559894587174,0.4504245750109694,-0.3972321165734505,1.0822375097201382,-0.4396799351201218,1.2285713761996324,0.3269476137393432,-1.095924732572358,1.8297879575720883,-0.8358895344495064,-1.3052970329448659,0.60140768197235,0.1852068839580517,0.8452295284309457,0.11176037773845429,-1.0704545629872637,0.17211932524791895,-0.04806379706174331,-0.2051690166984637,-0.3898309514896817,1.3232637137587269,0.3408878127570899,-0.9894281502405624,0.5788422387639306,0.8780874515107359,1.4163678684339953,-0.23924989076472974,-0.27792089397676734,0.7690651406218894,-0.7394657628848541,0.1303735196160027,-0.4648594024937651,-0.20627097223609356,1.009694014821919,0.25839676727250044,0.2611780928161199,0.718436188361793,-1.2319002146091171,0.9428029478047665,1.0227960396209768,0.11417391240913859,-1.1159910416154315,-1.5067707267790456,1.7698633235986823,1.264336973268722,0.7204036507315196,-0.9093382246468976,0.04646570980161008,0.5179673250651236,-1.3810315759215308,-0.6194789589843342,-0.6578404083165055,-0.300136321604847,-0.9937277176630331,0.7948870235086921,-0.901816426750123,0.12577677261966302,0.10308054124311251,0.4292044150796779,-0.7263878947292386,0.8289098688670575,0.22189287524223705,0.4010029100542872,0.43604105392991166,-0.10576023801239046,0.1882487356797422,0.024323926144729884,-0.42706973310824364,0.19110228047974112,-0.7289118913095155,0.6355556318114662,0.8570090225991351,0.8218325442462902,0.7834194047607947,-0.13005695302399953,-1.991264910591447,-0.11088068897447223,0.6535271759518927,-0.13657060137742663,-0.3544658881359813,0.4705546686619026,1.392511930912563,-1.0318837058229955,-0.2324860162470631,0.8301429963345512,0.07883018000913367,1.1761080837505968,-1.612942379692308,-1.0451224402117765,0.9462587283922516,0.316963231981154,-0.2688310767818444,-0.7217458637157895,-0.1515370348821716,2.4751873548408754,-0.3029775063913017,-0.61272489387791,-0.08128550196191335,0.9284043672447704,1.1601643806129565,-0.8514421164060213,-0.051650024233612105,0.9738323063317242,0.14852215131270785,-0.41177087569491433,-0.157156970239981,1.5016914331093323,0.20718726996858536,-1.0098580269399735,0.15241765462819193,0.2517605805942957,0.35431277998440086,-1.4070690259872995,-0.12874584815269075,-1.0770589282515635,0.7580084532817828,1.594427602899822,-0.8348890840560043,0.15955222001559427,0.7140586905600264,0.21330046470312583,0.31242712182726007,0.177883298453769,0.21042928699735686,-0.7884969278095307,0.6462478033688949,-1.2042830476549098,1.3747495017620959,-0.36281780419386367,0.3304585086203969,1.4813539492997299,1.2719523231305845,0.345351076001219,1.3487071444627659,-0.39751192225373466,0.5659647704119506,1.9577620796905446,0.13798399515689772,0.5674107587600687,-0.7980356893360616,1.595459204046076,0.47759230711026135,0.6228231514633646,0.1096166638994596,-0.24460128645509224,-0.20821909574339947,0.46268029785234127,-1.766725497786348
-0.4219632105291201,0.4352954996904676,-1.3904713916381517,-0.2420843812215844,-0.3461758690236061,0.5291773564319403,-1.255596205737022,-0.4006597752490117,0.1876014534516438,0.3606045305358087,-0.058255558092304364,0.8110095340301261,0.028533986734946757,1.7660041439403122,2.3615860684073304,0.7502121092189062,-1.043011304460528,-0.2964219452522839,-0.5593534663040254,1.0549781496259378,1.1129611466073583,-1.400257433053727,-0.1156260009681185,0.832815748785559,-0.9636302796769274,-1.4434439801634342,-0.9940865408151432,0.12197652578912554,0.4513168689752212,0.7832989942046045,0.3378699461359402,-0.9691670356652077,0.12736242103662015,-0.8609024836106516,0.22055501872618957,-0.8219206471527458,1.3963004986550234,0.5940347298014067,-0.8555965747112501,-0.9531563773831992,-0.35573832524960664,1.131539676102634,1.3452654014824548,0.6529520270288621,0.8422638402067913,-0.7185915112296097,-0.6450208638473665,0.6588929516955885,0.7394087008320892,-0.07938415840581724,1.3610623920127698,-0.45409325993959593,0.4603219262262105,0.33311633662948664,1.5651164378088636,0.7842277461345059,-1.9491576476449006,0.8752617424993154,-1.135611188669863,0.41999210465277503,-0.4675870652119306,0.29994150358404587,-0.8672959102776272,0.08065726210539335,0.3057576978176338,-0.3160628154415346,-0.41497347732909917,0.09937947914152545,0.5406157918477315,1.2439267536424665,0.12653909101451624,-0.0017589872619542363,-0.4263259158651453,0.0762834798786337,-0.4628086262582242,-0.8918206263541478,0.3901858758845886,-0.024243710536029344,0.004665717499782477,-0.03681888352639356,2.5049417940599294,-0.9131665146996516,1.0715774880857114,-0.9230947513542607,-0.44226089029077603,-0.5621926093700491,0.13525301526081063,-0.29109179529195256,-1.0096803084487969,-0.3298025273324287,-1.2529872515091796,-1.012888994124088,-0.9421819780734104,1.231527690892786,-0.6964274683723691,0.15550547370383375,-0.1728529089500947,0.4770692187301787,-0.5283716486311543,-1.1167269861826596,-0.2817225591083997,0.5516632623179516,-1.5355842588787258,0.18241697996301348,-0.07992559006221141,-1.1433908486521194,-0.611814526249619,-0.8758947101509122,-0.48929093717339567,0.5511009192671495,0.6285167884913064,0.2734408841142425,-1.3687830352743766,-0.7525351129173253,-0.7948361641958644,0.7980959068139443,0.37611500044775226,0.21248758717104732,-0.5663676575445701,-0.3044727782597864,-1.0517503797399623,-1.192309044771059,-0.8364524169141138,-1.2537637729297568,-2.2399946789069967,-0.05791548842222304,0.8123146635435047,0.2827383518826277,0.4608973093330644,0.6283521742293444,0.44398877735244957,-1.4311388199437094,-0.6127493321787111,2.424872241880137,-0.7922377128591189,0.15304809411689582,-1.4158028134626206,0.08132560501989926,-1.4464434263776682,-1.7999944473506826,-1.0478807679848847,-1.1272075519069822,1.0880720525611103,-0.27069195119606076,0.1017228352719678,-0.3774624918530304,-0.8213056880713454,0.6549080846824313,0.0015107361079954884,-0.8628790658164512,-0.7077247968536617,-0.9976154287740427,0.2404905725298764,-0.8408086110289151,-0.5545185439900671,0.4475211831511621,-0.9330918771717152
-0.5224862750089699,-0.34589329011752035,-1.0373290087541245,0.013792847108743051,1.0318603904257293,1.0895298077951392,-1.7609944257050512,1.0486064155016996,-0.740837960985327,-0.07403938390663603,-0.5408972698821347,-2.9268439069836347,-0.1589888934665674,-1.824930641651124,-1.215575131803009,0.7728567129929136,-1.052876805231338,0.6406894374918809,0.7293148380213642,-0.35257432848462705,-0.7143973660036217,-0.606982371265948,-0.5213979999239843,0.8473650277205959,-0.15740542058155993,1.448074621780486,-0.1639269887133378,0.312118874947924,-0.28740857020088917,-0.6833889157399957,-0.04367447948249804,-1.0566993741400494,1.0035983766294858,-1.094555778090966,0.03334586711941909,1.0350388505535781,1.000469955201867,0.03251401758301668,1.075019067603701,-0.8888694514453948,0.10762763422107967,-0.020847327576473906,1.6728346925937412,0.6788637965591449,0.1797942245509027,-1.1858792046274351,-0.2574683410032564,-0.25706809299533073,0.765176999081217,0.003195924409428502,1.09661170121857,-0.09948871896023326,0.013221663856616245,-1.2091668048224449,-0.9740030872759603,-1.3078924795369056,-0.04001718433414076,0.660031476832551,0.3041419657546983,0.18605764231028774,-0.5653807217189037,-1.1389291377924717,0.13127440412613156,-1.6421401397703432,1.1688038485208552,0.045888436479446605,-1.3875364295498434,0.08613102556504795,-1.6969950905352278,-0.0628600060493835,-0.5393332867072007,-0.8141057231146676,1.5548047851671818,-1.094004255013715,0.7832539011570943,0.1825697208943588,-1.1990597549716309,-0.22217762610051756,-0.9589247048575725,-0.1987414643640177,0.2007592115297239,-0.8068233024396857,0.9666676505959049,0.3863748660233742,-0.16423790712224864,0.3332581683316414,-2.3874156091020473,1.2191012666595824,0.4493893140040492,-0.3364919471281826,1.6032145520730317,0.6834778562024445,-0.374054998539168,-1.0447781761962196,-1.5802310888493094,-0.25507868388959876,0.5113266581157245,0.32631470481183933,-0.8549344926238174,0.8896277732088221,0.009544949430427377,0.8597565108570104,0.7841671541925824,-1.1828507200585407,0.24885378406068412,0.5435935031390652,0.537840263024702,-0.07476415342847494,1.2590343473003858,0.7891985921897409,-0.18466023407164645,-1.4993053304496258,-1.4458288499175074,-0.047469219598407136,-0.7774186549644388,1.8555419076312902,1.5058988159348536,-0.780720246462895,0.3943766105137226,-0.8427843280785197,-0.21629174169530252,0.930268927898554,-0.7451367407624292,0.9311550609603368,0.5105930555770437,-0.8875989405440056,0.7677962450065879,-0.07762350008397446,-1.1077067538081986,-1.5258182865707381,1.4093905751056048,0.2617168147448213,-0.006376240320596292,-0.3004049910249957,0.29548485291216736,-0.8893437285651797,-0.5276792470809948,-0.020128827376916066,-1.8217524140328958,-0.43173157245646226,1.0242144408973393,0.04668248381692566,0.2873451845935255,-0.07480439850687332,-0.08484798288641472,-0.4594379783121712,-0.17392765993098952,-0.5748958341060741,0.0181749909636157,0.2634205609444318,0.4004740607009841,-0.911187681274622,-0.357846376459006,0.2623996542535285,0.5346517802291503,1.1705343262726589,-0.8963361284430158
-3.2451658111845347,-0.15824682089082592,1.2906304289091695,1.5700277847892592,0.16512283215437037,0.7652936767708703,-0.44820967030349906,0.8798303966466472,-0.5917926753191555,0.42016870473545087,-0.4586666957819656,0.9090661616054888,0.6285827472159835,-1.299148891342975,1.047966748502514,1.0905274018808764,-1.0329124826112985,-0.3612593146059641,-0.11427996403052894,0.3496951905855902,-0.48855543457242556,-1.013909952298421,0.46891771786224284,0.7626923311463666,1.990699240699315,-0.23914260784099736,-0.7278321566580905,0.20571560146344006,-0.488431640617836,0.4721943057081458,0.8363602253244795,0.07988894363643169,-1.1615124137290518,2.4587014162202445,0.275059713959523,-0.11007937931687993,-0.027768562369710575,-0.45796498620662346,-0.06169721009023098,-0.9078338969568149,-1.5111375069970487,-0.368477558420426,-0.4108521257209673,1.5377350901422544,-0.9050156426800992,0.294447956952615,-0.19200571953867582,-0.515484491778784,-0.9138960259701417,-0.3537846820194614,-0.020440104987228997,0.7262468001914809,-0.5943293770912036,-1.008931587921843,1.4717727645699845,-0.3375946130637918,-0.07609158345209927,-0.36266204123884205,1.2810484600901335,0.23757401350884969,0.0997450361267174,-0.7523526951265675,1.2915351574591574,0.5780980718069673,-0.07900430302369009,-0.48557659294142824,-0.9130100919399164,-0.379314359416695,-1.1644446109128297,-0.19199300962795,0.7739713839368185,-0.709610575775909,-1.181046962674797,1.5576343751706052,0.16010653659101517,-0.03816389253012013,-0.7100725950822907,0.5496561784194836,1.1955218834530748,-0.09998628735077043,1.8630988868567986,-0.8620633693926085,-0.2805002009310798,0.6375061205714371,-1.1725012382268858,-0.34672065906967886,-1.3118189915716032,-0.42192733536638183,0.5481073596932602,0.16428965655582467,1.2798236397855092,1.4799443565001968,-0.7307689142844963,-0.3169975984369186,0.20008802821136587,0.9329394509742666,0.38411351827032764,0.9257152502965263,0.7340966050556861,-1.062837106420425,-0.36528478837677936,0.4125468652021737,0.9669803615220663,-1.5418062199247453,-0.6731867060767737,-0.8386325199260484,-0.444840594439596,-0.501757426106357,0.10776465908914684,0.6455510634391556,1.3614521982202785,-1.116201892374838,0.4192408946979296,-1.2528543172925786,0.3660049653098385,-1.373646839139436,0.6414871372819538,-1.6361710176851851,-0.25493978606759726,-0.3429523488293634,0.7190344834040431,-1.0163767738208855,0.40539688996469986,0.49218492594631186,0.9539270655457947,-1.0971167210404433,0.4076351484230568,-0.7031476575276369,0.46017834166578564,-1.2829000742618326,2.022687453558123,0.43781752521980966,0.1250518403168852,0.43981103825341594,-0.18538169028408694,1.0455238385807235,-0.6601220825428628,0.2431065935058653,1.3226345450312296,-0.06397454004227918,-2.973803768730091,0.3595790225054366,1.1547250199193964,0.30997574569557707,0.9736695990076917,1.8716788242598568,0.4302694848289137,-0.9584833479819461,0.2519199063301978,0.17575959703647584,0.7609056386766204,-0.05014153307819899,1.0118244378666923,1.2501276256175247,1.377981164195126,-2.0856912999934427,-0.5575721753958792
0.5777081408435564,-0.06342916711570755,0.3330271221927332,0.12388558935351175,0.047254509684867135,-0.6225940794361908,-0.4988444438184172,-1.3324820478291486,-0.9596939822905773,-0.05518537480816189,-0.4427775883081027,0.0161724165655422,-0.9803893648513998,0.333590967643459,-0.37400074692397095,-0.9438673850818802,0.19452057882534088,1.5540498323868048,-0.2146669959301728,-0.22078308644322095,0.5847261012519114,1.8822269097639286,-0.37429924232065315,0.7640295569937974,0.5417784588080501,-0.9997204471564686,0.38894308503280284,-1.5218404176519447,1.5545475941687066,0.5013799703715399,1.3609846982441212,-1.2281158460762605,0.6046406731568073,0.8970302003743744,-0.5731119410426178,-0.9590233734524432,-0.3607261388685276,-1.5176752789521897,-0.029225836415415624,-0.022331734713165168,-0.6966688313138871,0.7550663526457658,-0.24665277074358175,-1.0498271428718926,0.7488628143763824,-0.4479971773716279,0.2701864558165612,0.45044852160877974,0.38066142688182963,-0.9367183456099722,0.5894288627850458,0.24159760771829944,-0.47613872440884114,-0.17088945270089495,-1.3442250134416798,-0.4171934429923584,-0.6502171901689617,-0.5550956831082737,-0.6447159574592745,-0.4380482790758997,0.2684585832161955,0.14004261772781074,-0.5912133071147634,-0.5798414310974629,-0.2988589912186909,0.9511190434700609,-0.6247587356061228,-0.5324008133619972,0.42229977674956715,-0.9236198388212721,-1.1878714358947988,-0.9444996355536415,-0.6217269592001365,0.32586382301966776,-1.3973626985267686,0.5812799687850054,-0.11854280006117757,-0.4382022263882738,0.7327750171680274,0.05851461643632988,-0.6371252449329577,-0.6296557237681524,-1.064791239568206,-0.3189377900074679,-0.8973058960023014,0.23096065770729965,0.13561547883113365,1.1586947712728997,0.5685014501214528,1.2093457647001586,1.1808301526245046,-1.0789926560126513,0.29041095369532377,0.5368397522469472,1.8923935955138047,1.58355760120637,-0.7403621180752709,0.7367730829710453,0.38697983530867774,-0.41058046897885647,0.040437622596930456,0.7334169054604273,0.9839604374979694,0.06481893436047606,0.4222932610729459,-0.004373512252013766,0.09164634099829841,-0.14604703578413977,-0.9323267714624147,-0.9091155329837342,-1.1958760815242027,-1.212890979239646,1.1650885167105254,-0.9526328038855594,0.07509741366465106,0.48702333152685534,-0.6235682720057605,-1.5035758793907774,-0.24348284081936244,0.9156689851807238,-1.1261697820040137,0.5312867948079136,-0.5880005773479529,0.8853014898587173,-0.8214850881220593,1.16829198144285,0.44590391722862677,0.7829769441305746,-0.1745370425825045,0.5301872079541965,-0.1700476228883484,-1.490451470170142,0.8917129684083948,0.31025413640750893,0.5753193223231973,0.17613462827531015,-0.12213078671972606,0.6323520732483954,-1.0247215585515854,0.816773692326858,-0.06802712667569417,-0.679683340184742,1.439331939244093,1.1800400007212488,0.3313578077087547,-0.890976133514247,-0.9395348012852529,-1.0388119928885684,-0.1897567738432682,-1.5795753458781985,0.7370798153419778,0.5213934600418312,1.2511873584000812,-0.10018417930817483,0.6112930981628053,0.2965589900117607,-1.4742932248167844
0.2711354673980374,0.0737747638859999,-0.3581293732128933,-0.34667538471291526,-1.0386060405834008,-1.3491909104290343,-1.1042231795130637,1.575626311436689,-1.0464846419123714,-1.1084879944040487,-1.0007460026953374,-0.5000006627496794,-0.453370780588398,0.4591512956711296,-0.5028928252355345,-0.04462623174649225,0.7543527769378552,1.286144568146484,0.4780168334569933,0.21159642770163728,1.5343020390066582,-0.5026972335994333,-2.386623344203798,0.2998669885032299,1.3278379350039735,-1.2881141559043656,0.1949228925237997,0.31509858679829583,-0.8709787330914563,0.9479759708943023,-0.964558540580201,-0.3363122305848132,0.6054615554083912,0.8756548687423062,0.6809697336012985,-0.6292072780013318,0.22853783673057973,0.9323153257844391,0.2741013399015239,0.6627645723266623,0.7612237205381687,0.39479186913101405,0.13289954902180812,0.5605848521200486,0.16515801455533455,0.8588577355670471,-1.592278895173461,0.1698162936952457,-0.05905653496381003,-0.02928222270370327,-0.1532904023257158,-0.8336779460508295,0.04567940560505129,-1.4607289717264,1.1085910028936814,-1.2246953766840616,-0.9035402188721814,-0.6977532489746433,-0.7316921504179118,-0.41842486744099117,-1.0955286536292674,0.42243751427164555,0.8046273309279753,-0.9608422113680778,-0.5277499142703916,0.12127702339381943,1.3240438604266453,-1.723455532514887,-1.1390947977776087,-0.14860822382700123,-0.9270457642517349,-1.0724557229782956,-0.21197978525733865,-1.9452765346703127,-1.1465120796659143,-0.32555977062772384,1.2092860996674508,-0.12173838840987027,-0.13198535897681848,-1.1197311666239438,0.39629724375603875,-0.7491231011965067,-1.8111235125157072,1.4845299631835942,-0.10774505347480323,-0.5988972535950551,-1.321309911570612,-0.5183470968753705,-0.9191950339497528,0.2680423938424399,-2.15882752891498,-1.290337578580137,1.0849519717713745,0.6636256293292843,-0.7408896670413082,0.7849979420671169,-0.1933152501214317,0.08492392824279171,0.5127448614368668,0.7254412178654627,0.07788379041757561,-0.6375877219365111,1.1405398400439384,1.5310896409686656,-0.835683891700855,-0.8444347930071935,-1.0359396620222001,0.5535536773989225,-0.49146484456436984,-0.16676688877951973,-0.8614906830058886,0.8824658522955805,1.1488418523664352,0.8804365793472285,-0.9590738822944785,0.25699770052224663,2.8377433604010838,1.3042535136480964,-1.6681019319444002,-1.0892727447656627,0.5723916358799738,0.31394973668355786,-0.166188690183371,-0.33076229906844695,1.3043917167893468,-0.34240240969352803,-0.44413589119070374,-0.7821749925406084,0.3256562902126845,0.03960422046551507,-1.5116317621066326,0.40755187609164917,-0.6024001448972846,-2.439118552525915,0.5307799858503127,-1.715811753434607,-1.0327241805148784,0.24270853010950816,0.19220230534666521,-0.0558520109885073,-0.836165643678411,0.1767337609279509,0.9089556782386897,1.1608118405279484,-0.6549583683764456,0.035649495968163365,0.5719698593026137,-0.675899812637481,-0.009249009554006024,1.6337961832723198,-0.42918120415936817,-0.13709857456568736,0.4698955587941051,0.7763373329229828,-0.3543592074751435,0.2394706655360695,1.0670070994187548
1.0658514531880896,-0.7678059022377958,0.9520960926361256,1.9514822390142128,0.26233957104858446,0.837743553059968,0.015611685215964805,0.34781602567362246,-0.21057254144686538,-0.2977111031919122,0.337867753441788,1.0267629791484814,-0.20959704702783766,0.9984557588523013,-0.8144911619136364,1.9956762377257506,0.6635727162795336,1.2556418268050678,-0.07621109516988961,-0.8746266146932419,0.4479607232107739,1.0719108936124553,-1.2939270087217625,-1.7424587235113729,0.332346342886232,0.6321772987408931,0.7683894458540695,-0.691288491590259,-1.2614145268845909,1.20742502319902,0.030665100102470824,-0.22219854699633437,-0.6553353104239243,-0.7650102060821451,-0.6903478972487646,0.4975939951075428,-0.818532867461798,0.03779456052386319,-0.7603589371625827,-0.7351625385419537,0.6758988284166074,-1.0987798063843548,-1.561353972636066,0.5107134636884016,0.010785418581791897,-0.07683605359794378,0.8655480433305123,-0.3287834888380658,0.2841574540883808,0.40294474927299007,-1.651966668025308,0.21394887076885596,0.61840773064437,1.6175423215689104,0.9988155002271419,-2.5876235719570415,0.26232092746616403,-0.24273718219480947,0.5621668817310533,-0.9193561662390196,0.013809821085361558,1.425435538211062,-0.41231375649345275,1.6579451721367024,-0.6374220018094667,-0.23186484687780703,2.047834741116022,0.18349029441007753,-0.33730915423423735,1.4487846540756817,-0.8016321600706889,0.8224861104730873,1.5911864194369534,0.8802323410953862,-0.4091970523624142,-1.918343856330303,1.303773846905819,0.9678982712433432,-1.1412342938349256,-0.43796733542749544,1.070897011950796,-0.7365927918497072,-1.3998927507708507,-1.5220428796177587,0.4226926804203642,-0.9453468873245637,-1.7722707890331517,-0.29912446012918,0.01830064631722673,1.6121354588565493,0.9613918241599697,-0.7423877130648878,1.207488255237973,-0.38995243834571836,1.0718889356192427,-0.6292904299972745,-1.2536110438090076,0.3851763705447458,0.04336051963941882,-0.09854262228663398,0.47367859208891566,0.5939259255660276,1.2439316078212503,-0.3959701456482804,-0.07826805919347868,0.6717248222755404,1.5090604287513347,-0.02328062153597095,-0.579849949831412,0.4879930720135295,1.703883608428114,0.5626261495674918,-0.03895290221546802,-1.4326452813993347,-0.9576512815942488,-0.3105532647663693,0.5994782539509772,0.7715442395979221,-1.248409525188464,1.238659948173301,0.7999608218198375,0.22659041152213583,0.27348847179686536,0.33286368170445585,0.17578733163745705,-1.048102311382221,-1.5625921425544351,-1.9136012550896242,-0.9268982377251707,2.353084783984787,-0.2881826587348543,0.07549461877686357,0.6220564236729205,-0.11969002713580656,-1.2917543411426442,1.1159695415630178,-0.15844928292722024,-0.45613564324641787,-0.4153554526072535,-1.316946552345214,-1.6048652821046718,0.5334467883731754,-0.05795712534034284,0.7244181539138475,1.2139475197440681,0.997590892821055,1.1354434157250266,-0.5649058061253196,0.964981138046865,0.8701991981396411,-0.680432458890534,1.0860440603656063,-1.2893041439811141,1.0681830390054488,-0.7722941995104893,-1.7155934416395293,-0.8066672731559902
0.09721950474550954,1.0349300601075986,-0.5126260733594513,0.7394109064659852,0.7532432517092785,1.3197714845641064,0.31273563073262917,1.2491708497681062,-0.8325236904224358,-0.11122764921068178,-1.2354029974686491,0.4545915286131847,0.3349066831188899,-0.041275941225398356,1.039571822848926,-1.4149824635337378,1.3503220456719054,0.510096178881676,-0.7048097483386843,0.8848482717432608,-1.2409640534401103,-0.6706263807217597,0.058784774530397634,-0.4179665386142297,0.1455812971451052,0.8877697436216244,0.7359603571305967,1.367548898563774,0.194226709493824,-0.052830489406478574,1.0935046426291357,0.6897160463103448,0.0992960073780115,1.195455191830296,0.16061347890629676,0.5382200052572351,-0.4754025859315552,-0.5752240595444877,1.2045405705513987,-1.374614089531254,0.6601211563545432,-0.7784201660209066,-0.7148681091835236,-0.8936061783812129,0.12922227580717807,-1.2489864054865174,0.07753936931401748,0.12921303319931018,0.8713106965021038,-0.025599780400697325,1.3678978414167533,0.6509782624810674,-0.2640744660072115,-0.3925905846911003,-0.7580024370053785,0.7184006468177693,-0.8047292338463897,0.9468270458145823,-1.263462910871638,-1.6018894544739761,0.7084085524498771,0.42835577849998435,-0.725856905400906,0.7891273522819383,0.8269972473737276,-1.8169346113767406,0.022717078030767827,-0.32978476740270246,0.08272821664033961,-0.6126219458787403,2.237946815554553,-0.36710302543889556,-0.5180276173295059,0.6162282021864237,-0.6723308831388795,1.5989725280753744,0.2741177578465412,0.3612649307175258,1.5173702288297188,-0.26976656332744386,-0.7752760787422317,-0.6433765870166688,-0.43210494254824755,-1.170665447718688,-1.2421226967498045,0.5834087852718898,-0.02390257363045103,-0.35633955994152405,0.18781734032426886,-1.9927555548700322,0.3680077394564454,-0.12239948555797864,-0.315527907189238,-1.0309406203994365,-0.5496101558380018,-1.1086067684890262,-0.6941786605829118,-0.9985690321944619,-1.8087418364440109,0.635280417495896,-0.0174740221980315,-0.63451989871503,0.44605368234341536,0.5990551072589566,-1.3420623788003878,-0.06846393692899068,1.181220151213457,0.2854982547408521,0.24174156755544815,1.1978376754219073,0.040192151424085665,0.22809213523497907,1.574362385594188,0.345089685856027,1.6645655395273666,0.7929844729528495,0.1466829539582703,0.4054143630881665,1.0312722548097994,-0.8004151418399041,1.2576395074096354,-0.5402571155085246,-0.4766783972600137,0.008163453168162488,0.4816471944083835,-0.8469747934030811,-0.7512666820032872,-1.1225877821365444,-1.0078315166649567,-0.6815907825810991,0.7936802022800088,1.34149247254016,-0.019879977033634824,1.0860731498769578,0.04003570983917382,0.11412047274694218,0.07624400863490692,-0.8477901587151037,-0.14484302975536983,0.42287403924162403,1.6406762587130095,0.14859135682935878,-0.29901661646457284,3.1737965731249353,0.09495887835630965,-0.9569819962800606,0.68480609136384,0.00995903280452356,0.9216198310644917,-0.37435358749956016,-0.1766794034106222,0.20771945196538166,0.8518446724749442,-0.9736942112027964,0.3017690097369195,0.29946962855301035,-0.7520405236339297
-0.608062732937241,-0.2722427045126486,1.834881377098077,-0.6761114687616869,-1.045036363045973,-2.7613303888899163,0.9027585749999625,-1.9922791594579936,1.4518634133311499,0.010144653943520838,0.3019265513650807,-0.4279477403824688,-0.11525474320752908,-0.30071909822950954,-0.4748999742435168,-0.34624845818228533,-0.08848284626213802,1.2880852435687051,0.5068801844134737,0.4701843365409457,0.09120846662586098,-0.684125391904853,-0.062274798180166166,0.3161487007514236,-0.6604057251926223,-0.016214312189691868,-0.11689991118704733,-0.3004394840993539,1.0441593238483082,0.23837936870824156,-0.16304788868087086,-0.6486805881451313,0.6591723457878187,0.560191536907035,0.7374367362265891,0.5834910092192637,1.100952311108008,1.0317137423703717,0.46005009321206436,0.5661255561287787,0.2576899216057078,-0.513909455324565,1.89762787947561,-0.9265102908708098,-1.0787385413608799,0.6875378393971213,-1.3595414226647762,1.1840750132038624,0.0362793289494757,-0.0632965342710658,-1.9337798156543875,0.28462573605464686,-0.30038278277456226,-0.39633378647358963,-0.295616747868577,0.0047498151655392794,-0.23062179931291024,-0.5310093199714409,-0.779778825371973,-1.1086480909130971,1.1137616311575178,-0.1598382034749077,0.7318543466896089,0.3202202263177979,0.3566048568723078,1.3888639844558954,1.2375714139865353,-0.46341090393780704,-1.6672328891701196,-0.016222848808282408,1.8495155346152559,-0.0906133289895687,0.26226900460097446,-0.09082023409666978,0.9057114416908525,-0.010382475118103685,0.3970698016430729,-0.5136936929476938,-0.48984976917713924,0.1180380527710502,-0.4318321964101699,-0.8945822929271923,0.32530188496970475,1.0732304615712225,-0.827095523704443,-0.9711950467536339,1.7459621721538972,0.494663213842441,-0.2924339235849025,-0.3635640110391467,0.2781795330078418,0.7798907781174076,-0.35967797237709476,-0.7701351528920326,-0.7508514847506412,-1.7933936935451196,0.6488445948057923,0.4099942819258972,-0.15535087772668,-0.765494346546135,0.04806321488537928,0.8106703723990676,0.3295584023758676,1.2860193301304745,-0.8895188793886298,-0.6835603102064826,-1.9292693454022263,-0.4733541189190429,0.7448359116221499,-0.17939509912668236,0.3679678730060737,0.05132823198319777,-0.8591537796760914,-0.8170909289336861,-1.4567786833771255,-0.42734433959156726,0.6995233023575574,-1.22998204027457,1.599897799666635,1.3108096227791166,-1.0272303115687762,1.2462089354416268,-0.3994567657453164,0.9604489786880311,0.08527698634584138,-0.2070968014028477,0.1109239302066167,1.1477062938769742,1.683471834705675,-0.2489430790126072,-1.734704793500221,-0.5457952177911638,-1.158264173769862,-0.722565271678426,-0.6508224248454711,-0.9667050431297652,0.8068475951582287,-0.1886685782993799,-1.0188790514423787,0.22906418383165525,0.10462499955119295,0.4497578884857822,-0.4173128386850954,1.6416244318999176,-0.7392805390194394,-0.7174570599320937,1.122802385766689,0.43995383891102846,-1.2796792855423598,-0.4687970600355827,1.1137952550334005,-0.566583710118896,0.2845846121364286,-0.16543576954668354,0.8177212971819651,-2.072972023575215,-1.8801539048471827
0.7590461747105897,-0.8385939462844341,-0.5884010086613312,0.9730619067915628,1.8541951332931244,-1.3514367576750017,-0.2712875847932809,-0.7842673647758247,-1.5230475645040238,-0.238323490544843,0.699679458148982,0.7294278310517153,0.8219437869782507,-0.6720350722056561,-0.8951795061644099,-0.7354217924806707,0.5699727281112196,-0.14779978950882425,1.2949492197074237,-0.11510127386123942,0.12820712091896178,-0.598855864628332,0.5589561125081365,0.5371833060739396,0.13224031679026893,-0.4913748016943026,-1.8292368762691913,0.397551176169384,-0.21216244656526168,-1.5058394984288777,-0.5928691748973067,-0.6066364820715718,1.0152233731636104,0.8442079346454854,1.7573558806288954,0.18013084722167322,0.2644304726535097,1.1953828664238975,0.6175182547418506,-0.13752478048235614,1.2307497386073714,-0.2476769985569087,0.13488010728750133,0.45235603823634524,1.3333131740267892,0.9438003486925758,-0.42654986250211036,1.2489561297433454,-0.33296828701834835,-0.3625615685141197,0.9246119072818393,-2.9156649767094622,-1.301359357836616,0.5170421991472631,0.7417569341790161,-0.7164137185833747,1.9289181774558275,1.061324176536243,-0.6524783889761749,0.6944870001115828,-0.9974026012676521,-0.40320020837338405,-0.40103101892989634,0.4115899149565176,0.3092933864330284,-1.5731273844107796,0.5475479121903699,0.6792726646352962,-0.4026606542092578,0.954797088029725,0.12134511548325895,-0.8770972609827106,0.13236084378711505,-0.5045246660280704,1.0636686005142544,0.1691536699865803,1.5388583114444732,1.3233848616403745,-1.1738358469108614,-1.5704176925824211,0.11699171873116726,-0.37215757539633754,-1.9502969177404108,1.6942840224354745,0.177920247248521,-2.5625858903780987,-0.417990210708377,-0.9459211536698623,-0.9614267310312786,0.2204939198112218,0.01666598397666934,0.09856320499832134,0.22813773430340525,-1.431368920835398,0.34360579846785455,0.6519415472970409,-1.0936339782815765,1.1084208153212152,1.574858405985396,0.45729182176509825,1.8817418842811655,1.2694599117254857,1.2606034968904967,1.4696768586365347,1.9899791980253374,0.9079127425184019,-0.9390480455734669,0.07601268531791011,-1.4035478348524677,0.046746082233203715,-0.21131909587733522,0.9860966080590309,-0.7856777730834338,-0.5918634933270498,-0.9672756009476385,0.7175102438641774,-1.305619883275836,-0.7934671077149252,0.6084573090526659,-0.16708959582859537,0.030124263346986563,-0.20689572627696262,1.1430075310076926,0.3746207326973885,0.5152103171396678,0.3915029950530717,-1.05390293890117,-0.3770777517191405,1.014614135403583,1.395183626502702,0.07803290422013966,2.0412107971682247,-0.30401323445885314,0.5429119491695129,0.8799420951954267,0.06971664758294058,0.8611798227766099,0.25291476132608487,2.0708983302208006,1.1761706650810841,-0.06967450099206439,-1.4205954684265443,0.5161040610723435,-0.5815578678771939,1.442099497590772,0.9041057539981455,-0.19250536762985188,-0.746241531815263,-1.347603965613103,0.9632092148102378,0.03618221480237311,-0.06236530113463369,2.509040320840814,1.9315918110826968,1.424569656156047,1.3426950320067448,-0.8706253453261824
1.0195391046322146,-2.0261479406320073,0.015987367232555377,2.3562994555864303,0.08914313013918583,1.4476843038926837,-0.3722929804357752,-0.2865560903129839,-1.416113568196177,0.10015658393056759,-0.7386126797144674,0.20325025344969724,-0.08577130748803558,0.319619898516285,-1.2189185706165488,0.07612003983587866,0.8824555967096559,-1.893996370220714,0.18585330643757392,0.6071219490967233,0.05589655461869132,-1.2015658278771724,-2.2692431830737987,-0.1468024579594317,-0.16355069182535747,-0.1634609154910055,0.1620007989399482,-0.360924892536989,1.0109757927058665,0.09909612608755189,1.0663988346230668,-0.49041211319462,0.8634201748943843,0.7254112588776099,-0.5844992641812609,1.356779674657317,-1.3967103656259412,-1.0371555045858925,-0.7602631226859826,-0.12861941285138023,0.2708786659021928,0.007437840728931081,-0.040354097184962225,-0.3738416254875337,0.8767120830264764,-0.5606490889720329,0.3074539243435717,-0.01802544206179976,-0.8496461279855861,0.7577703094519141,-0.022336056948342897,0.011502309644883676,-1.5340249058376687,-0.4446253659645525,-0.18782332003897437,0.9107550935648366,0.764480213692411,-0.6328826794875213,0.7508640010072578,-0.4589199572010047,-1.1930344243749624,1.0498983708317913,0.34163882969647524,0.042229074309535215,-1.0027937469016164,0.3928320659473267,2.316989471067923,0.23267011998522383,-1.9385824398287477,-2.0082307401924266,-1.8608016046546865,-0.021769088513880812,-0.753455475541621,-1.1928308698007726,-0.6203844719275062,-0.5595403705199616,0.9541874901941921,-1.4028165454507109,-0.5991145613222083,0.10118921852568571,-1.1458617439669696,-0.1277521102931498,0.17056594054619786,0.6448962428016718,0.9125992631839037,0.5422348766847308,-0.030501846339546893,0.22379333629366793,0.4326106333971804,0.6452582067530268,1.2094315597727805,0.5463209087103121,0.31596396669727406,0.44204899074540066,0.15779121851354683,-1.0416685371807797,-0.05415993050352858,-0.2551355058746785,0.47683434406456326,-0.48763212114382254,0.8194737376812452,0.6630540409364752,0.8780952104512826,-0.6062840099376762,0.25264157289621353,-0.6984036158785286,0.761470925993466,-0.12254715209219849,0.12851665879272978,0.8665010284986252,-1.0361976514377351,0.4107335821905992,2.0207043464202865,-1.0459312088332284,-0.4818453148894131,0.34589143792509053,-0.5992303654922712,0.12993696181708328,-0.7273729589417491,0.06677325738799599,-0.2809596159113499,-0.03851098225770828,-0.2357049549940407,0.20074185434963274,1.5867439281796152,-0.31128312181771517,0.5159791792047781,0.568220809716448,-0.4513801001267987,-0.33332249930504426,0.28629750015780525,-0.8066127466329901,-1.2691430218719268,0.6447390293152424,-0.40799462440803075,-0.5632753404088459,0.46321045665814164,1.3966912842885513,-0.3850181542755864,1.3187599643477552,0.1097965118385586,-0.8822443389914992,-1.0034914262854884,-0.5087203036250351,-0.39738846352205515,-1.8881881559103852,-0.05381636851087636,0.8761547358146238,-1.7880168935197718,0.12146442252709552,0.34360335962963057,0.2334325570223209,0.6258722237010641,0.19267950483238852,-0.08269077836162587,1.21383202053803,-0.19663761108539576
2.4823758397724807,-0.09086783218897017,-0.07898765387537816,1.2033881152383037,-0.0939060381543879,-1.1784668238551195,1.6632555438365009,0.5988403873903135,0.27159723827184545,-0.1673291833254297,-0.7791203784993819,1.967490465082855,-0.819894956319685,-0.08655261721965504,-0.61389992739618,-0.261893900017765,-2.5770195416671755,0.501209116483415,-0.3267921740304595,-0.4801011064740412,0.5308292793697417,0.18328308877329166,-1.6457500338958597,0.07268587261298091,0.5848164248080306,1.220145457342657,-0.826982542342225,1.0669234695599183,0.7683338628639738,-0.2135448640209376,-0.061182070918702876,0.4182396431707081,0.05883947019464932,0.4601002823087494,1.2642589097139418,-0.3371293842557002,0.7312269977339184,-1.7100987550867826,0.0663977062168745,-0.8379540814259047,0.9255228789249013,0.6738073825890231,-0.983112634193436,0.4220137569489415,1.4401102413259477,1.8543877676724065,-0.829384897849998,1.0176866147468682,-1.2581530295361385,1.1950363539198785,-0.7166204144610253,-1.9568300829887444,-0.2017140603199061,0.39197289150168885,-1.3881124663366642,-1.0970855431622248,-0.9961242146964142,-0.5993508556663573,1.0955425415253726,-1.1989613508559156,-0.27812423177667406,-1.2078811337004407,-0.1548363270489702,1.7159613903357973,-0.5310175813579661,-0.1588896816794255,0.15018342386118522,-0.3664420979364255,-0.7563980562227783,-1.4226808759737115,-0.04909506019477997,0.551910823426425,-0.4086607750636012,-1.7723929281157467,-0.35502033869542426,0.2099780675556928,-1.796390968989617,-0.005415430428484481,0.42314300597835064,-0.48902693100170547,0.10124646806874234,0.97495341604011,0.7600662448320592,1.1088024560923586,0.3084243124375665,0.5861560840779358,-0.6718826947383088,0.7520671229352685,-0.45214302624830954,0.2024144132909955,1.1850918844811227,0.9465705121078466,1.0236246709504926,0.7122497599942751,-1.1355504982017801,-0.5429194187988674,1.1388278171497055,1.518192082339785,-0.7183526495233891,0.27420605831306855,0.1850401086112068,-1.1692862040485155,0.11125973033541929,-0.848089105435655,-1.46860632786459,-0.266267776777598,0.2556820114875162,0.43695474933123096,-0.46591287807611265,2.006114726320466,0.6155880998785359,1.2989537097810935,-0.5782836490940948,-1.1077228436913171,0.16274063625010646,-1.3749985599154244,-1.1827393482221393,-0.5500923395321256,-0.4950648576666668,-0.5718089149173656,0.7802942465866142,0.5096164303858749,0.6059262359993483,-0.060136688550564324,-1.4589050758861768,-0.823080191991453,-0.2321690068279996,-0.7521234664288795,-0.44447574131897793,-0.584672905510565,-0.6303683734821867,0.1292117973258917,-0.9119787648864922,0.18053398901727458,1.0236419434323676,-0.2896685136434969,-0.4368688761605759,-1.4696380635468895,-0.08839674002561873,-1.5126706250970812,0.2944445405131045,0.15492464750443166,2.35410104878393,0.07658523522204524,-1.3778434932498447,1.5030298061465366,0.035487824286148155,0.680730256273265,-0.19657950691773324,0.5135151577002769,-0.667610941760028,-0.9325543387693624,0.2883159187061116,-1.246337712585561,0.46876659137708404,0.7281855718220074,0.7659444937061475
-1.8303700075094353,0.5722015853271109,-0.3876793484594111,0.046328643021264666,-0.35733315835849916,0.32583856725174126,0.15468243315728825,0.5754468449392894,-1.7658554331982297,-0.8730458411862415,0.28248610832917825,2.04536352204897,-1.3908072951061088,-0.9405337032862644,1.8217280919627425,-0.02084349658289414,0.3880450618895796,0.8601050583528088,-2.2715837335956635,0.46572300598358546,0.3715891368923298,-0.5804622943466062,0.9578952223204594,1.099184364348838,0.14319681699062137,1.6059400746511736,0.5845031371009045,2.0080436438839695,-0.19454694261642586,-0.2483202532116804,0.9418572260533398,0.14839477325333725,-0.9786604727140364,0.7332554144265618,2.1633913514764576,1.374879584926434,-0.7661956705072621,-1.3981720569864953,1.2326996583651761,1.7384100806938456,-1.4462528254788558,-0.2533055470161642,0.05287822589296465,0.23038298314818423,0.5544799273956348,-0.13791903021930288,-0.04743058642831333,-0.7209504254388502,0.8527704698908247,-0.1177536125709227,-1.9905784650858314,0.1469639542852055,0.06735469227936118,0.4987942062072648,-0.29884797514462924,-1.289568914399398,2.3315059534230596,1.0258812834133848,0.19343124300261572,-0.18490468172776617,-0.7642416576042558,-0.32667283959061705,0.8028560067465675,-0.3264276959171733,0.35485929793002347,-0.2953487030136682,0.9260931178137712,0.03275045163231743,-0.11297941331957717,-0.5221162550559054,-2.491957413039409,-0.6697589623117192,-0.2931681785568146,2.3542986809981317,0.8330395321094501,0.6457626130497122,0.7555090602841672,-0.6579296794774239,0.5008809275845879,0.951118922216184,0.006968491961241786,-0.46849450181287433,-0.7305859435407078,0.9017668022468058,-0.6293873953734845,0.862867840231215,-0.047236184848399664,-1.9846779928817622,-1.875063107330447,0.05378708981880956,0.35414058738285675,-0.7349022609403352,0.9484762599503911,-0.4346044042902117,-0.15470824853168552,0.2550521429306812,-1.1750663440390678,0.09196511230148342,-0.4163633573601438,0.8248081781712147,-2.293929966315935,-0.5125239146583155,0.017197468839726036,0.3344830102242404,-0.1295980900854146,0.43434336720174604,-0.2850551227472507,1.3486385715350953,-0.08718195674380298,0.5184051200401016,-1.1368599002836617,-0.35318223746421545,0.5791458952963491,-0.5576889832816844,-0.35137886833426885,-1.4395524584057977,-0.34704707674120516,-1.0810326709958904,0.3486992708282014,0.5178980346462368,-0.7121698545148609,-0.613363619502343,0.5096047589805168,-0.630528157384757,-0.8332992551388737,0.5537680502110004,0.11031456718582075,-1.1127759004522546,0.09837692908588602,-0.953669176280328,-0.3869622807164344,-0.6379283851856762,1.0169801132481726,-0.18633479081212354,-0.8571766187225449,2.065579013725091,0.7222865794601468,-1.475718467045862,0.6322409883832196,-1.662661524852933,0.5517563326657033,-2.7741023974530923,-0.013016951746507226,-1.9067951769738798,-0.026986924931145153,-0.041401894056039744,0.9678362342986463,-0.5693900574603573,-0.6920269581541015,0.21624495186191692,0.5396888739661044,0.849778512396654,0.8516431309642318,0.13701941483876431,-1.9640912918208093,0.45738825689873835,0.46924486752879346
-0.6800790498907372,0.13810654851399284,-1.8062851881319784,0.6510433468563994,-0.6811330958217929,0.5578439265876264,1.1324921848116858,0.8469187173452962,0.562042937344881,0.020100350309137476,-0.9164620679828318,-0.04485019875501835,0.05174857499149088,-1.1374216128457564,-0.819168469534912,2.0944613592773162,0.6942678262374998,1.3085602225650004,0.32947657492040716,1.0307006253320983,0.7881354512550489,-0.5838410988270575,-2.3722951047241163,0.003963838799482043,0.576263193578152,0.20457612248648657,0.5604623077158344,0.6899422401712306,-0.8972262101960488,-1.9454290936840986,2.10362371137081,-1.970859958322242,-1.1777649362954885,-0.9286792622816539,1.2654378703498046,1.707134242191516,-0.8640408150923288,-1.5282108616466923,0.3083879393695612,0.004755450581601267,0.5446236607184556,-0.5210102185793665,0.647941734325475,-0.18358109919204021,0.32881733095826526,-1.242430771405084,1.1102290179608139,1.1527474218338314,0.011400597697171746,0.35585830295917675,-0.1741673990088081,-1.091174024961562,0.8295444053701465,-0.4576865717829791,-1.00183508704502,-0.08783151784955247,0.9032646270192175,-1.1459917229623073,0.13812878872906498,1.1148251091794315,0.8887264886999962,-0.45966803019375674,0.3912555252190681,-0.36161206274855384,-0.16960114047919575,-0.7406942052409542,-1.346221558663417,-0.7231625746646058,-0.2975224124147278,0.28491607839251964,-1.0969603184278365,-0.28444865704862615,0.4632834097375002,-0.0657877330249535,0.5771390532890236,-0.45639002730725386,0.02740507023472689,0.20097275504409626,-1.3867436806661013,1.5893507409626269,-0.44917454590573475,-0.03434917521836304,-0.4628163968703693,-0.36485497819675033,-0.1582438630404952,1.260054693514064,-0.18541664526727708,0.5043215180105585,0.4893308363184891,-0.47585098221006933,-0.5675681554618094,1.0945960329597824,-1.1378524022885526,1.450004801929049,0.06468583013495424,0.8075772430468207,-0.2666616711994979,-0.22760712022704715,0.47761233024886224,-0.7133014461745956,-0.6642288470447966,0.7673602861231601,0.22149713787830802,0.5653641357962452,-2.3350772367930834,0.3264414496929836,-0.08332654313054184,0.28430094108648873,-0.07924311242840124,-0.9425597254795008,0.5175835945487385,-0.19222267491082431,0.857243301738686,1.1638186145744558,-0.6101987869288192,-1.3597505363641975,-0.8750242985039096,-0.901319918793607,-1.834514193739754,1.340201913460061,1.0037215262809098,-0.7683657197859785,0.6253881985284157,-0.904759551091284,0.6290338404517327,-0.5025424729474484,0.4666319278134918,0.19082635776967083,-0.4685390406050086,-0.09678881420243611,-0.6105115006100579,0.6857132269728239,-0.03251316217639925,0.6011215912970145,0.21780242355122034,-0.05290162917541082,-0.22383364845284734,0.8376160604361845,-0.852585790111401,-1.5531569759806687,-0.6274789806751437,-0.05326500263509361,0.34521004005164363,-0.3546575160265338,-0.5872920958455212,-0.06639318835123052,-0.8584892935681528,-0.5601450646946177,1.6050349630713148,-0.957669418024663,0.9793616698259324,0.6709676891098537,0.0009785582180300125,0.13124536852025087,0.7262282435397311,0.3838833551438786,0.2588793020876299
-0.3106195826439238,0.28542158765589193,2.313733045315314,0.06045067848062026,0.8349377605586435,-0.2534316665195034,-0.7786457142332655,-0.20735274305459822,-0.11956640855306683,-0.25042437113013305,-1.3451392836264418,0.6971800564222258,-0.2768329898721474,-0.8842167926261413,-0.9959192406518469,0.36744928851653325,-1.2081347031787983,-0.7639666897220542,0.12022312537778775,-0.19445933639365665,0.9581709205784577,-1.0774749455682786,-0.5674437104743862,-0.522538572669446,0.6002177157493314,-1.0481505101005089,1.3030609648690736,0.4385402051812184,-0.03867848607669331,-1.4043560394778096,0.5624503567668961,-0.32529612015676357,0.37524088044320814,-0.256727611867162,-0.690079567697174,0.017385075079592357,0.446710326879283,-0.47750756071678824,-1.397395432400543,0.4115372969440248,-0.4689109558576027,0.2683778386361213,0.8047074354536965,-1.4852478503643978,0.5830643184704464,1.6301518005927391,-1.5905907297444797,-1.380072714444043,0.29338985044110466,-0.8150651734729308,-0.4676904621321774,-0.06002649152014262,1.1865626620998342,-0.3375790524053224,0.5266125386502024,0.571448470117889,-2.1031717984214704,1.307469318398982,0.48976434757951764,-0.20153596534593116,0.5807732695412414,-0.6228962335243763,0.8194029283786547,-0.27397032242871483,0.7194299239802183,-1.161594573466599,-0.37433008707651116,-0.8872989404711946,-1.0757440760177621,-0.916637206374849,0.8176418994447036,0.4965475045342458,-0.49536424057959105,0.30014667139015777,-0.8478575966192392,0.8757593766618631,1.460870346868093,0.6556295991275899,1.2937180206663157,0.11598557895987098,-0.05639900987528307,-1.4107398219794474,-0.10028813896176642,-0.44535370890364023,-0.17406667141262058,0.6706229758127386,-0.5626030903811645,-1.3076443427444338,-1.2395068010854562,-1.159497025609483,-1.0149441910452144,0.4421539508574572,0.8562980304400775,-0.5440385241054309,0.13756503358416725,0.6602200829646795,-0.5835613451427499,-0.343718328023107,0.5301225309855188,-0.24469194386863694,0.8729662125828112,0.692183979843045,0.13021529800509468,0.27675939617021683,-7.291085569096948e-05,0.14335850866131453,-2.296153037224186,-0.594321821780279,-0.13154858260100552,-0.6885234379561593,-0.31343752968999117,0.23620886734951105,1.8269949287467673,-0.20042221793552278,0.40239942000511686,1.3260167120785347,-0.8431207159329345,-0.4858427325544564,2.01820521942119,0.7344322380523702,0.4876063362095767,0.6322914082303337,-0.3757492453470742,-0.3690725286391111,0.11158103052479022,-0.055637594545097695,0.6112230579574289,0.19943214108278887,0.7085948173689447,-1.021054766538072,0.6837600183402067,1.209040982249687,-0.9297159122181026,-0.8787505099695293,-0.49809321206386115,0.3882274599027712,-0.6881176942733381,-1.3112935670218608,0.49251894532263935,-0.4879995213849502,0.7270577032555922,0.1804320218878143,0.9021859622025828,-1.6394147231070768,-0.057594551521735544,-0.04860415505702939,1.1972255919494577,-0.1653294667096412,-0.03794148566415304,-0.8563609151580669,-0.3149969302022521,0.007886032285503747,0.6964996089266929,0.34657681243089955,-0.24760878284408525,0.8796283543853268,-1.4907730943123176
-0.36661337062508637,-0.39544043019144487,0.49179091140373615,-0.35601607942039964,-0.16347621975960194,1.077271387690024,-1.8838433574687863,-0.4644503728763834,-0.23695092174156437,0.41139229787303977,-0.18111192332132006,-0.9052925798688057,-1.528173129157192,0.304412310671434,-0.9510520436781805,-1.4761366786175951,-1.6165191224525137,-1.481432270684238,-0.39623441001998233,1.187479528275997,1.4229033496796781,-0.49303677237235943,0.9216950082619684,-0.8707226908361532,-0.8640765874478691,-0.25782881711980415,-0.25842182199134317,-0.5481012013985606,0.12574042594073584,-0.6220848387703841,-1.1062364181237945,-0.8971757778306776,1.0637056889287737,1.4389212021401068,-0.3062165463471968,-0.41571927046916596,0.6688104028847405,-0.08776935507264426,-0.7793311368646499,-0.4238237966229694,-0.9646296544409682,1.2276661266027844,0.3237973465026552,0.41918480577489026,-0.33560170505669357,-0.6925995641319622,-1.6184968692954302,0.06521971579594808,-0.6692156748443212,0.9541656403498117,0.8824657716929636,1.7246453252178358,0.658780935638469,-0.29490231769091446,-0.3953843019597449,-0.9320282299101325,-0.4663943543090141,-0.868128580419294,-0.843191700074045,1.1005579686562874,-0.4822767126382545,-0.5614201934137673,-0.6315231853594823,-0.9590134111827749,0.32530878389387113,1.618811062940774,0.6179188240769731,-0.3516676074471529,-2.3076530746262467,0.9829535889318257,0.837376898603383,-1.4702838392701618,-0.8263471948471774,0.976771779917496,0.17335784847779695,0.3761183427909888,-0.7130034363180451,0.8817989410921275,-1.0062745166788936,0.013328402384577267,-1.036650988071495,0.024961248391475545,-0.9433736923476315,-1.0699993421657685,0.19488212777253922,0.3157630143517832,-0.6705215566091507,-1.0143898784801875,-0.36721864133605897,0.7446961495550025,0.5212672626006075,1.3016928800498897,-1.0067739808560008,-0.11022107301235025,-1.0072168627480071,0.16061133709971748,-0.12807439607029325,0.0041195633590341086,-0.14772941533559938,-0.544011182645312,-1.21297332577627,1.524209824973868,-1.0950909981882064,1.1936378805256371,-0.8925005709205392,-0.4910534574662011,2.084539223244608,-0.8762280298412648,0.1728228723603185,1.9182160167031619,0.41729804780505175,1.3424743753562234,1.1510210749170229,-0.4140109171236584,-0.23738987306962092,-0.9216404933308718,0.942538514105572,0.12209347919682956,-0.2728410033776776,-1.4554551996722513,-0.9164336825648987,-0.41212446632286226,0.019905996214380613,0.5881913668184792,-0.6684759570590353,-0.1716406154777502,-0.8609074288986901,-1.0923739300047213,0.1823795843941359,-0.5877643284284466,0.31823394586340575,1.9088410131702487,-2.104557180811576,3.162852279132342,0.24516884792073806,-1.2804585791018772,-1.2521787087139788,0.30452876117411154,-0.4426770209749698,-0.8925714288896227,0.10183097536580078,0.6154912720698044,-1.1690998463250495,-0.9868989092927681,-0.43118539214418894,-1.1460454617735423,-1.215449218157621,-1.4351908496630024,0.9626102519643277,-0.7259795949635888,1.0733054757833975,1.7436320262351241,0.542424882912316,0.6371272426557965,2.2158279897452244,1.3173517082111377,-0.22912311637850818
1.179228660756076,-0.3624737078143837,-1.0164023008141174,-2.0253614536801114,-0.4640139341563446,-1.111320282984069,-0.4191393376156659,1.457418033887486,0.2626595431453681,0.474273557414064,0.8887887367486246,-0.8457261010040381,1.3250073812366545,-0.1564042626813102,0.24864905495655992,1.9389707571326635,-0.6351979685963484,-0.7095648395467794,-0.9756495377207912,-0.46705748411548925,-0.36949236645111727,0.1091954655475073,-1.024435420729636,0.9491034426356717,-1.1272392656309618,-0.4945554939549105,-1.129316221107747,-1.1255667649046874,1.2265203395444881,-0.13561009471333196,-0.7564420061397148,0.4602555267111625,-1.4770098997497545,-0.731467655368433,0.29517123351084956,-0.8686311351459745,0.4542191052833148,-2.2369327339516984,1.1573595996468895,-1.1382343054270514,0.9572802716205148,-0.677858469982265,-1.053035922237621,-2.317408858008235,-0.20881624685972858,0.9957160281201598,0.8080861364010654,-0.4256280989490429,-0.19617142106980937,0.004443940073728159,0.535294103443565,0.6587208310969738,0.32098355355930597,-0.5663034555787776,1.2029641412554501,1.5763407814326522,0.8068001893095654,1.0739070874141088,0.06843973113029518,0.8619400537761666,0.7675191598382937,1.0451180476673614,1.7189354286792367,0.4682096073210932,2.107936734178925,0.8097987492879618,0.6221028087513482,1.550737934346402,0.5443578771211776,-1.1076011808496802,1.3758788028441498,0.7573246945424468,-0.3814994734151419,-0.4714840981245516,-0.9586345959309827,-0.02420229216492681,0.28051320675633296,-0.23054870676025968,-0.5412431188023006,-0.9608396267382374,-0.7803257500767997,0.31217959507923565,1.2705064962330737,1.1916886931456367,-0.42711013269332876,1.8407349193506524,-0.617423022491837,-0.8765378881945477,-0.6398298911458253,1.18178950871325,1.1523321897534091,0.2192946464765153,0.7838408610401507,-0.6632764827964261,-1.2947816865593227,0.16392109661473983,2.418792481510027,0.7659662823880268,-0.26454962082611333,1.1577178181746965,0.40851418841891934,0.7706640381523346,1.3146647051120754,0.15446506398861914,1.9476607498478768,-0.04746760350328853,-1.1707102525350987,0.06650490143347682,-0.0836103812020461,0.10946040448427252,-0.0034301620872367574,1.8559469452583357,-0.8112294718802151,-0.6136474620217593,-0.6740476674080558,0.19514104846820018,-0.1974807329483293,0.7873587194422489,1.0573000546695266,-0.12805566039847155,0.09983074147532937,-0.4621348074419277,0.5818348887385366,-0.7476865824977831,0.5987343263509932,0.916096622949533,0.8118008616520148,0.08071613015636656,1.6047239890948812,-0.13746447116838648,0.6815747824581292,1.3448159408456428,-1.0391934231670306,2.484513804666971,-0.5992622361702926,2.4234492092092044,-0.05923984692235258,1.1077692653524254,0.7831934667853419,1.3820160162814228,0.040822124648739876,0.11626704476998738,0.3919704552585261,-0.2412589852538118,-0.8424727661041407,-0.48079452152198054,0.35787396598364535,0.5988781805308865,-0.6190641528881977,1.2137542287995935,0.07816289330915584,-0.483913148913876,0.046230392899544295,-0.4170837417711257,-0.4199271649373049,1.0062231480187367,-1.5613040562795049
-1.0996868058433484,1.475412395961658,0.011052635873515005,-2.380890929511899,1.6447158619545472,1.6395632962382425,1.1886419606345742,-0.5776661275370065,-0.1962199340443303,0.7591121721467591,1.0418786009552297,0.6080088314444961,-1.2863480604700357,-1.1427432743911905,1.143826597312733,-0.09805041373247522,1.7094297882490994,-0.07660689451645815,-0.2234676984958949,1.7495647861178267,-1.2629009204880777,-0.6601317141426808,-0.12891058807555106,-0.427513649058992,0.05445579641670744,0.7933353159789832,-0.37598064028139516,0.40872172169290705,0.45021845160246515,0.0172966566837078,-0.10882174972624153,-0.464286581282841,0.8817146201949401,-0.29485806360478306,0.9917475578554441,2.048989259123205,-1.9789628234338308,-1.7979570291375382,0.21552776845706667,0.5638027456342622,1.0017095924213388,-0.19207900104176145,-0.2705512770695521,-1.1013008577792154,0.9254598958166905,-0.10003244510234882,-1.9531338865614578,0.3957735310456737,0.7336254812802462,-1.0794559412629046,1.292278186487393,0.17793787977960068,1.4600592777431545,0.6023361042339239,-0.41644561854656803,0.02728388400758764,0.5327579226109043,0.5434893892967619,-0.8204671445405445,1.4656244823637197,-0.9574973092942408,0.3294125311892648,-0.5665824951371361,0.4544204863590953,0.39311032331733714,1.4711529481743735,-0.0635757254345443,2.512529470666223,-0.04072029457744417,-0.1487272869887298,0.4370244097375462,0.14623841294241186,1.6261171548488687,-1.4611740497813859,-0.5778886975542297,0.8843976141712313,-0.3459260298029648,1.4196841007755092,-0.35080139721124337,0.12272851942868146,0.8623552274771433,-0.5523800868104793,1.583115561279778,-0.945541731475306,-0.1428594395721542,-0.528412505883589,2.339675925255821,-1.0459218154334053,0.03452150001793178,-0.9478370829890401,-0.9769989716048691,-0.7099290505845361,-0.9548981816675078,-1.79001094028063,0.9505853768955047,0.8534199459289261,-0.6816733954591399,0.9270929205264378,-0.09819699965585635,-0.5148166861806523,1.169138033673929,-1.968301487767827,-0.34058674810605305,0.003970750729593598,-0.521572851388567,1.5530234410222317,-0.6719035085809555,-0.03119138169838058,-1.19304824606253,1.4000349734846242,-0.5235633020574981,-0.6032465025774134,-1.6779153922143049,-0.34410259267515697,-1.5613786809958825,-0.2741451748136584,-0.4081831717707908,-0.8932916357225966,-2.5432281499487606,1.434231719407965,0.5545923692987603,0.8982132949088454,-0.43112740360693375,-0.5888388060781896,0.6211665283070829,-0.44402867677316354,0.6598457392662358,0.2531672356404157,-1.1490020792117113,-0.018489399260162007,-0.7253741905816099,-0.9709835512910652,0.4005371794889058,-0.10174763862943531,-0.05693061165331498,1.7488131692410824,0.2310440495246887,-0.31258965995449123,-0.712356401313841,-0.6449116495962791,0.9185531034750034,-0.102832749127757,0.7242602205519806,-0.24481086883469064,-0.2554799904430951,0.7749455512628837,0.9402621773971148,0.01830885489247411,-0.07789732326305732,0.12650206250065693,0.5229678498760051,-1.8274899238835183,0.25259249601927236,-0.28030377666562917,0.6965867856007365,-0.029219375099771537,0.6489076567825751
0.35231648752155137,1.477970731819006,1.3672559012011902,-0.22951979985931178,0.8077835734202071,0.9623957778063498,-0.06560615904592139,-0.04617973670638557,-1.3229474888731252,-1.6124581085121414,0.037299533621185266,-0.9179418368247639,-0.7302668249865223,-0.10510662248781989,0.04736477656852204,-0.990053056850764,1.6583921708448892,1.0251738744703351,-0.29939623392956305,-1.4682458147082473,-0.5266798458013612,1.144724597067059,0.6125164169315737,1.4013136843210883,2.440854073556384,0.5498584340580941,-0.12947299146244712,0.1662631554958749,-1.0344626627994116,0.7735906137329861,0.012175034270808337,0.5913438043313006,-0.15879525041180867,0.3594924559644926,0.20819554286450176,-0.1222478404345829,-0.5409549145775473,-1.134774465704379,0.06372289825144228,1.3327109480521788,-1.430774528372685,-0.6276858673511337,-0.7747649412670375,-0.07182938558927536,0.4323207622704654,1.9642003245578579,-1.121441744107289,0.8769739563757679,-0.27268443564309075,-1.103477870350405,-0.8621761536197531,-0.22099347533138747,0.6447048089642613,-0.41435529383034725,-1.1008801240826782,1.166635247714092,0.5541283920968586,-0.28714958809942426,-1.0494248315422796,-0.7114151441229181,-0.748966402813956,-0.8257842547301906,0.6570508278419542,-1.286521836116086,0.34617554344113277,-1.134565138501234,-0.2284428473950873,1.1146766560840453,-1.2627227439807887,1.0176636529033165,-0.6195336005302254,0.21272496835203994,0.32006809164976885,0.08460472200847192,1.1487953563906088,-0.8929835972021786,1.8482818234971359,-1.5795891195868645,0.32746085231350425,-0.231193230538356,-0.2863586366919228,-0.263134060997585,0.30517799101292525,0.10601883124286365,0.5462974766351435,-0.4445994319373316,-0.4509330730338773,0.9990411803094097,-0.8389840351810144,0.03817526422657659,0.03438885303055195,-0.8146277066012867,-0.5204394871615332,0.04626160104771316,1.071356878925314,-0.8561764926472911,-0.6928487946497696,1.3596058320173114,1.2518736447663292,-0.47220098931165055,1.3460431367388284,-0.04937724459112218,-0.4348620043290008,-2.464920942124968,0.2328868190298272,0.5499364568500955,-0.057130772343283585,-0.9326364823610692,0.885660780295001,-0.07278450653436541,-1.1997212564813402,0.3269975433698025,-0.04367235344832663,0.7685928484516078,0.3248071885083008,0.9194716831790689,0.09641505359990458,0.6990777815912306,-0.4421394515606527,0.28940662891466873,-0.06354842188553296,-2.4216311213754063,-0.3236800928502693,-1.4928932747981385,0.9082347372024281,1.895550413316275,0.566009536649411,0.7999318374248935,-0.134303938776974,0.23449330669149174,-0.956151371142854,0.7216456136521419,0.9706082298831169,0.052965907177550745,0.4618190938452345,0.46166055267917294,-0.8129254980550705,0.638621223214402,-0.05455886287568224,-0.1228456694035477,1.0901730581136457,1.1520768065831595,0.9368662671354493,-0.3041299542860451,1.4014494383095015,0.5399546358815989,-0.11330694047407287,-0.6747641716807905,0.8848770859331676,0.6879794727033844,-1.3933952471946252,0.1935089207005862,0.12380348027754215,2.084840832725695,0.027791278292091284,-1.5173500317378457,0.35352970325245564
-0.22396054373829544,0.9985460719650427,-1.4859177132424572,0.3976158845599248,0.591858506783256,-1.1886456325207404,-0.77116068749303,-1.6583621993986721,0.267962762928357,-0.18295643016258084,-0.5829942043511324,0.3803349537110821,0.23536590261061172,-0.07184625710667078,0.2935814173208775,0.9271225428849909,0.6992715820060869,0.7549649769327509,-1.6865899817504102,0.466551312890959,-0.4397170047925758,-0.5776566770216225,-0.13466078478559912,1.187242238884036,-0.8873252656038916,-0.03483082258453965,0.10069631568738208,0.44147624715112194,0.3842885241128785,0.6679192801234157,0.47545535232021513,0.12756385898228834,0.3101523429222988,0.7671588418529788,0.21895114886890488,1.9196798609793242,-0.4403855426450344,-0.052444294353039156,0.9357428756203269,1.1470377226520319,0.6184372444385483,0.09456105141293158,0.9697147746650746,-0.1762047067606696,-0.7065379043817575,-0.5074986872075554,-0.4523929502478681,0.04835445962109185,-0.43769819938389554,-0.6543714717125233,-0.25165569830080375,-1.574358896427381,1.734079073069709,-0.7621444075636992,0.30896720892654306,0.02153817820870678,0.35249982304750044,-0.881215203132577,-1.4170739992402568,-0.012622172407947404,0.13656552192241844,-0.12222673174035009,0.2542282085066271,-1.185526269882667,-0.5750673609134767,-0.3303467766446979,-0.8271214045788202,0.22520259684712535,0.600053520204734,0.9548936582868605,0.1594206687033384,-0.4645627808288903,0.03239369470712775,-0.08316378214988052,-0.554715841652643,-0.49470425204434126,-0.17187387714621027,-0.9033797044522229,0.5801720929283523,1.211485066517669,0.566012492612573,-0.8022263692322537,-0.10540028836886679,0.6997016666163105,-1.9453970158170337,0.22333624720147546,2.070238456933905,-1.2053102280643315,-0.6711205697078361,-0.45540550964782317,-1.9572524473494624,-0.43964763044804467,1.1959760766289338,-0.5255171334043752,0.020837058285772106,0.922326226822396,-0.8571470476952909,-1.3219464354600374,-0.3780426649791315,1.3083363983228007,1.007127554697555,0.10392426006510828,-1.0559372036122978,1.0925723392769713,0.46374670104301535,-0.1551757290915115,-0.6347550671680151,1.4327358644633887,0.8567852141290023,-0.26859930893930767,1.4174043522577613,-0.8003918305399365,-0.3879024344511013,0.8179498114562263,1.9055093030837225,0.17458107997064878,0.684683446887219,-0.27438661559759164,-0.5831022034272234,-0.41017894110202524,0.9838945097606204,-1.0915394836281287,-1.755251604155783,0.6937550625458988,-0.4409752878201209,0.2354514400833914,1.588542581537262,0.09661959258322678,-0.40195646836689736,-0.3106067650811177,-0.4296183819748613,0.10930274058563276,0.39634311181869825,0.6978721310620111,-0.2527676492144025,-0.5363760684393731,-0.8633179985988353,0.003914359540458728,1.3783745025090937,0.33081637827030574,0.1749314106615816,1.901679043624749,0.38744064649651655,0.32927123889035426,-1.1265272912221371,0.3922037376649987,-0.8131504527705871,-0.04957572690607181,-1.01268883863613,-1.7456184574384381,-0.22994017450378915,-0.31458403181442557,-1.1207000686886115,-1.1315524600886364,-1.4523247111147917,1.3056573829081852,-0.13982027584845788
