-1.3662513638369556,1.018618685766356,-1.3478098214352439,-1.1870461867198983,0.27286355761997444,-0.024572323107272167,-1.8693406964821917,-0.11606256141813456,1.1178648882703734,-1.6249107647419407,-0.6046227331032039,0.4305772332213093,0.3436165724737372,-0.3232313754451771,0.5771074909455807,0.3610074873862369,-0.2989170501403616,-0.6827413835140951,-0.8719745292055183,0.33181515125772776
0.5339993149903165,-0.5953958694781586,-1.085880013310663,0.7956346163171092,-0.8559648333094152,-0.8790853698258331,-0.9126535324168198,0.8958015780967229,0.06256699083525273,-1.4859766281032085,-0.045665388084689854,1.199870696303901,0.09745736645684494,-0.26698677641529156,1.535115712607699,-0.250669902731145,0.407980519072308,-0.0038808110062036735,-1.0406383212636774,-1.396640099130484
-0.03134914904098191,0.264981595948158,0.013248599004129186,0.5518093549565347,-1.6595744676567856,0.7639213515556948,-0.30791383846679354,-0.18870070816132148,-1.1599618302218357,-0.7454077608433802,0.7319881543968194,0.31405292851042366,0.7865364116520276,-0.8370970302189519,0.9022725770067831,0.2692170839768296,1.1743691286684352,-0.1184909884873378,0.8164398975048075,0.5415740152840867
0.06753880086053406,0.7588930786471063,-1.2853690400470403,0.681965767624656,0.9172668450403773,0.5757661902419563,-1.8552367565145518,0.6747858161873173,0.12482592122512838,-0.26586312451311167,1.714308050881943,-0.9523238431830316,1.6651969257917218,-0.9268453295960869,-1.6677796291232114,-0.7093768925258639,-0.3070115402031486,0.21511890766335276,0.9531745265141504,1.293986351443307
0.7117856880154213,-0.899846024447893,-0.020593271704324248,-1.748414502103936,0.39756796201941785,-1.2516466392435988,1.3801942051061449,-1.0115139329797858,0.030095010641368266,1.5923702207077106,-0.5839481025540759,0.28177948324590696,0.32875187889931107,-0.3830063110988863,-0.5023044718245829,-0.1320639225035436,-0.39633315995191865,-1.1537325930916187,0.1828961588074979,1.0660213869888795
1.6058110659356604,-1.4838898220890626,0.7447768144223524,-0.5878562610624581,-0.8686593748807656,-0.8091854335449065,1.1401541032816758,0.3977208748311766,0.207940194390149,-0.6409034411910315,-1.6149389045751683,0.6345457087124488,2.332146331980274,-1.4166987131655941,-0.6065294567862701,0.12794097592043943,0.42025068011034883,-0.23382349174264389,0.8649586467679381,-0.329849344926227
0.7497593770514078,-1.1339660551819242,0.19025348358677022,0.3654499803926349,2.472719747100955,0.5832878960408979,0.6202014435661067,-2.016218239981026,-0.30356889593941166,-0.2424044328141285,0.36560038623830915,0.5289755159672374,0.4568662168050416,0.5242374092810551,1.376522351461056,0.45589323612874666,0.7891551728664429,0.7269801510429473,0.36179931002172894,0.7894127433077266
-1.398534297623934,0.1336876674100094,-0.3182066039820401,0.6293067767366697,-0.22239353554457883,0.5563401092399742,-0.5106698315375926,-3.3698647043416856,-0.0015496649545870024,-0.7948602374785445,-1.8462297577067128,-1.2954666879418448,-0.15139434602325214,-0.28141853462880095,-0.8139951608422813,-0.9508179708123058,0.8662040760300532,-0.36431810075250887,-0.8781449628697757,-0.42045770677234157
0.33478669314955,0.9950678548233666,-0.32860951310242115,0.7305608498786338,0.1790239648024016,-0.2569712460059151,-0.7894125301149767,-0.612849043836325,-0.1010665845737301,0.2762711777769907,-0.24112924870694993,-1.0407977767565957,-1.5543612541158451,-1.4036616184975856,-0.003350178681975806,0.6986999468499868,1.0605163839314784,-0.7407143963143589,1.1168553077055132,2.6857922422765252
-0.36515356373087077,0.2748541272200455,0.17308987411098642,0.24190886584599633,0.6199965531059378,1.6649774918536904,0.5887711699350838,-1.9123713265804194,1.220572246803718,0.5448621498876962,-1.4486324890404072,-1.835592034623313,1.1845715698502657,2.210284648526713,0.7948520756339399,-1.029806867299934,0.6560023335814908,-0.38974736053411024,-0.833872094606161,3.002632335919589
0.5728131838512667,-1.028253622927234,-0.5009895533884472,-0.9771667283717232,0.3609597961148782,-0.5034682577491344,2.7814729151317463,-1.2921539655037233,0.13123033966222808,1.6620949928483728,0.0796340820735664,-0.537363759249749,-0.5246170448016716,-0.6906659314730395,1.1993292115283185,-0.7269936672367059,0.5641020822871697,-1.367430038266193,0.2472897348153837,0.10241254053624602
0.8652729474115626,0.08602344727006717,0.4454542831808027,0.4175257751393127,0.1984549575623597,0.7053398248308635,0.7134991843079742,0.659135222206606,1.7866471022600576,-0.8696581317337793,1.6984980407839434,0.2094419149531993,-0.0997655924354728,-0.38719042172465973,-1.970864899496905,0.8951569366259741,-0.13635668931140937,-1.2738584282540522,0.305259399596764,2.205666534232187
-1.015360679209649,-1.0081899254091082,0.19407564480212733,0.7836880718500415,0.373993669764905,1.467787893546003,0.3896481487391955,0.18773629490672747,-0.03032951029764161,-0.008717653622944483,-0.3412904080415712,0.9453432716735107,0.020341713550427687,1.2759133266223648,-0.9099405378797337,-1.2615187693271004,0.13346841265367984,0.2627579123856871,-1.8259027382768491,0.7367672045551836
-0.5990062525199581,1.9069099134150025,0.46875380005009665,-0.7369586702288586,-0.6778910443884009,-0.8704287362045451,1.2524951987606368,-0.6416199907394993,-0.946373406352796,-2.1252257985024836,-0.25983935206134945,0.9145605254517885,3.387955648873076,0.8863345775958036,0.46777799268794956,-0.8805447880689513,2.0712156310025898,-1.494854409171725,0.14960308800843045,-1.3960075803427605
-0.9941727461273359,1.5849383389744072,0.3881169751882827,0.48688512572750087,-0.5103527552534564,0.7777025786681068,0.13321631253452615,-0.14795595901757522,1.1949964637548747,1.420814580362914,1.1942387066447242,-0.4650905591333637,1.1377093745815865,-0.5531483972227208,-0.5375463822766973,-1.6906538851421886,0.47153255253658954,-0.6056332612654076,0.798103493291407,-2.119704172629787
1.4242414411743511,-1.7437054023592964,0.853012168338338,0.3027467098531382,0.1003918624651197,2.6161003035076558,-0.7495315071425959,0.5393241415602189,0.028545208778184353,-1.318687352302095,-2.5108384366889576,-0.2678819715836106,0.2629363257025896,2.1949938454249436,0.8827009675873891,0.1183590160961419,-0.02536617949510277,0.7405466464469058,-1.2116349296336917,0.2681251350214961
0.2973349653159673,1.197879917977561,0.43060511931678097,-0.17493655706071293,0.37675537899545225,1.0649569127526635,-1.43176782601754,-0.4995184953722351,0.055342385232594105,-0.7441273780717179,0.2208094661847652,-0.7730893746395001,-0.4524478009047549,1.8024792805226446,0.5174290075214026,-0.6478731442304237,-0.17568408339111163,-0.7657853026489305,-2.3456836703883197,0.053754218460333875
0.9222264042163476,-1.124042456733443,-0.2785673711162316,0.8660075939108164,-0.025580012811100675,-2.779932657752277,0.9078434290047697,0.43809396072640805,0.4960809831068635,-0.9456408652029376,1.9549205091642248,0.31716606665932584,0.7543246676112063,0.2300789491294432,-0.030722038189773686,0.3176712288261697,0.9010763841430445,-0.34174349007586574,-2.573742584195884,1.329876081279878
2.0626713438955524,0.1976344946029671,1.0790867799738926,-0.44805627696358946,-0.10717917387611765,0.9327005586844815,-1.7667239801686263,0.2360911926121943,0.839633089889798,-0.8097755702149302,1.4535150143236624,-1.6977264328290598,0.8678468153277699,1.9220090655293858,-0.8454920234846518,-1.3789658267700926,1.6428558867211893,-1.2141562263793304,0.6336989618355868,-0.9736075166615253
1.2465982730735892,0.9694208289405534,0.27256070532928833,2.22422977743191,-1.3231516462132624,0.033076614944162024,-0.8939493975973071,1.841500475891645,-0.3516516330007107,-0.4708047599977429,-0.9038205721874693,-1.2300182001657645,-1.3220059016922714,0.20317021105919472,2.2262354737409535,-0.6437791146616457,2.064889792442146,0.8831171537029251,0.46259341069611054,-0.5006803609266095
1.543505941179149,0.518780230486754,-0.9650941817461391,-0.19588460748622455,-0.3684490249512853,0.2074164637736266,-0.37013357987133977,-0.319443500108145,0.3958201358483792,1.050030322831912,-0.5962408665788933,-0.6002251748224618,-0.20509954741055678,-0.2619237425410488,-1.1251725462649558,-0.7336195960846906,-0.21886457075427307,0.036170709610224415,0.24539907817070764,0.2467113683450951
0.8840879834891469,0.3220987677126509,2.353560106292269,-0.1460717532728719,-1.6799095321443764,0.8159701046063524,1.2173385556848535,-2.4740608145200977,-1.0986315854298998,-0.41020725835300387,1.7898644151996745,1.051374265637007,0.43927129281241184,-0.733179898291988,-0.8283861714034695,0.35811110792149814,1.3322669889898995,2.078097876922921,1.1317048642803926,1.0628231205235157
0.889081701595606,0.7125754593098528,-0.7050149650183574,0.519095555894273,0.4355309088275552,0.4234397879857064,-0.38501483654932456,0.05842862065126971,0.34409417856427926,-0.41602716533890494,0.645579580670158,0.754187288999157,-0.5899454660854127,-0.5415241178361592,-0.7760135474040056,0.691562538242341,0.7108490742132917,0.5275662223597745,0.7728205595718907,-0.14978515392466812
-0.5131294362663376,0.21590721422018005,0.4589007753680686,-0.0006860664050726046,-0.2168586402882552,1.91659011955786,-0.8990427689696094,0.10046201689811118,1.0974672774523297,0.4218494857893941,-1.5989656500499216,-0.7130111781245851,0.21602757159621816,-0.9284835160538834,-0.5200929744626941,-1.2182634679551994,-0.392961952886522,-0.4625735974712016,-0.7709665640693912,-0.006297226418514342
0.6675700149923762,-1.9829950471740403,-0.4649100378978516,-1.0360246717480794,0.973625100289149,-0.7836759540159184,-0.8634113560383955,0.9861965106220026,0.8069521863123101,-0.305865126340221,-0.35070891299690843,0.15776648125217974,-0.9797836731480443,-0.03069229669347577,1.0770031862217075,1.0846994267023065,1.1806306008377805,0.9265329170397429,-0.6618060943056149,0.5760488160211495
-1.3191321755366332,0.6804279100179048,-0.7135206346961654,-0.877301878548805,1.1045689554978002,-0.1442251221590166,0.5839829007225736,0.03663330427704762,2.3758023749281274,1.1961747527476978,-0.5310769416766223,-0.3365838012546913,0.02503925510786594,0.01425960639243796,-0.8748684563644908,-1.7074523503472192,0.017775767196675778,-0.4334057839788613,-0.6646345358779167,0.898060344906128
0.11049250343583301,0.05904369332578174,0.08076460893694082,-0.7134408555072175,1.3593532836664934,-1.5983686937197874,0.46056061852610775,0.07166065977321565,-1.5505153920585915,-1.196471318898467,-0.05824641038177736,1.6210200057941881,-0.4839725586987493,1.8539653523751776,-0.23507960900922242,-0.8485402953459876,0.207336540628391,2.5144649210235,0.15793921095426863,0.47197403851018394
-1.7720349116045286,0.009969327234528692,-1.0601964566416542,1.6187572059925392,-2.0654603986684963,0.1549294151763587,-1.8402839618902713,0.8090408560037693,0.8244238915027082,1.1571545481839849,0.5128027084389406,-0.10505713464092904,0.3954221553717868,0.5056210657147466,-1.83345041924501,0.22872530717377412,-1.0883040924893714,1.413966374047285,-0.8895747914207377,0.08267202474341546
0.3988089462990819,-0.8649078837029109,0.2714776833529198,-0.030486536857816344,-1.146616282458459,-0.21796081612442472,0.9156162037179842,0.7365838715350302,0.7130113138044092,-1.3841162151682491,1.1972023970226053,-0.8262536654140151,-0.7255294336383327,0.6517657112031714,-0.3807421809992981,-0.37109310524190603,-0.369753808076694,1.0633315255374116,0.10843132407358656,0.03416115392947871
0.03663186701469356,1.6463215147645824,0.2698065611231035,2.628927911383775,1.1486748749616904,-0.5922978488387779,1.0494296625023825,-1.654907594409225,0.16204449045707792,-0.11488016743475493,0.5463240597994516,0.19275282022512777,1.1410266317757938,-0.5818597443537131,-0.7261336373140937,1.9785450137373684,0.6601587823366373,-0.39025617054350914,-0.2960078298168185,-0.8298618185132545
0.42414516138706,-0.734259519297779,-1.5146711189543198,-0.46100918773778665,-0.6975917356833216,0.5662227174600577,-1.2419422993932625,-1.0217845129703282,0.6556185304382836,-1.1859477877957498,1.2031520739647854,-0.15032997793509523,0.4130962562305888,-0.392957730237612,0.22091375782433692,1.8176096816705043,-0.11564322556422953,-0.7036884152626143,1.5986963549132236,0.4865410435496947
0.44367065714418924,0.020126853485347214,0.20971937494465728,0.518741727968617,-0.660231166951568,-0.3632821690123046,-1.5549004970201266,0.2342462029253567,-0.5919544979580013,-1.3674496073249807,0.13507386410077768,-0.33045557483225324,-1.0567183309754904,-0.22587381127643372,-0.21105630433373232,0.9119867893267085,0.2110411500092935,-0.274977737488175,-1.5808808892336932,-0.6593883266416909
-0.8211099654198867,0.22326475901818552,-1.1385982291410988,-2.4684677381551463,-0.8465989347180269,1.2029743171880163,-1.1684972472830242,-1.7300386728096147,-0.661657514680356,1.4299154003444796,-0.9842377652779318,-0.18841528808690997,-0.021015491130991923,1.4266399888544665,0.902741966814771,-0.20803001897738257,0.11954894850189159,-1.0489119285802055,0.1867022939853219,-0.15513490985228975
0.7114049954579946,-0.3480511136604753,0.916956405130477,0.677131795914142,-0.3676621965107951,-0.41234115603181754,-1.245371728285582,1.5297149931559417,-1.4932581731809764,-1.8238904374671772,1.3928323400182763,0.6351317306295865,0.9819977881664655,-0.8385122024571092,-0.17698574907345366,-1.711290052382686,-1.5866458066608229,-0.6870628949993783,0.45938880950416305,-0.8845525842152809
-0.17622918853408284,1.1228898016354005,-0.7983682002315512,-0.3227702545069643,-0.4080511709615855,0.9635968313344574,-1.2952681023897423,0.06568135424194728,0.1407319346683559,1.2965622537032113,0.4667042376247722,0.9699140649640207,0.20741907981988644,0.14952446153694382,0.17190643202512562,0.19364168126872128,0.9497448630226542,0.7661996963800576,0.5838419103099549,-3.220340069783232
-0.088730202240241,0.89898349854935,0.32459744957899134,1.2159456712121872,0.06736730346956425,-0.9698004141513744,0.03900827774255275,2.307348529762097,-0.45031822752667305,0.7138556851233668,-0.030219588236332095,-0.8393686826512383,-0.2559608231729421,-0.36357364724568464,0.13725812826905595,-1.0003588397858694,0.8630566658699802,0.8126983308721125,0.23722540869592637,-1.1699675782762702
0.01509846413571323,0.6308471605862612,1.2280200745079644,-0.04485813874190767,0.12116240474721193,0.7600349854200859,-0.10174334444435582,-0.2981213942075507,-0.6993113891004524,-0.15300101146546286,0.039822485676744894,-0.6825896747501398,1.3142854619396764,0.5904055978523618,0.3414540511546756,-1.611489878186941,1.0911890465058514,0.31594051641888926,0.17502993585359955,0.35212406144484326
2.023517024819226,0.7670181278259701,-0.6858216151851902,0.039074645286076064,0.6506549604730885,1.3934866343327017,-0.01105205288900265,0.9696083517398245,0.5016240227994806,-0.013833145316447571,0.40312897745617643,-1.3914709447966922,0.1397725517138431,-0.36282148490178,2.3633412994732246,0.16749899665006598,1.544879843302181,-1.0998516953060988,-2.5080094160141906,-0.4573692604238907
-0.014721525508314676,1.057786768756708,-0.3842716003341921,-0.26240143625475887,-0.27397533903107435,0.7650463395685174,0.1525665651831192,-0.900566641513124,2.110287391030273,0.22748205161304005,0.30009782707661553,0.49907772626383035,2.3617588621479717,-0.5353874866429321,-0.569666336943676,-0.12364137773819435,0.7046188826979035,-0.5405869451313982,0.6462390268196428,-1.0805451086955447
-2.0403205239716775,1.2614810206298939,1.696357385484355,0.908747628442262,0.2876007997512219,1.9053610716713574,-0.7567743362913648,-0.031637290103709234,0.8801243834116959,0.3876361025509895,0.18310800853706735,0.28178614425922793,0.37528661535150215,-0.6717553501504537,1.1733891575490023,-0.9910176381875317,1.3064396031089616,0.8964434069774833,1.6379360554939502,0.5097136005085896
0.8769818494834725,0.6532970965516542,-0.8215356699399289,0.41882586653643755,0.14096539748758455,0.24430214624661029,-0.20154839740470026,0.1688022832683273,-0.06143508284091018,-0.9559104638308985,-1.6813187208766656,0.20683862674165518,-0.41634479232788757,-0.3711378485607453,0.07777827638421286,-0.41255052223986,-1.5033190805352443,1.0289856733492626,-1.2122412436653485,-0.5419894704038017
-1.2139116493228563,-0.7230715399986178,-0.007470430966228074,0.013356472045728,-0.6395405069238419,-0.31864115180818325,0.224556122532686,-1.1751237440612186,-0.10793604566099156,0.23769206470577833,0.3118788999745801,0.8172444022247519,0.8329633681257378,-0.779150996193524,1.1237031018504156,0.6453333807995828,0.21715463522379544,0.13599003587856662,-0.5314596437406778,-0.13179162500014144
0.395993474137227,-0.8907625259795485,-0.8140726152357389,0.3167967358945664,0.5817903472018131,0.32148336517247783,-0.32446785485191043,-0.11544244134374342,1.2909828366409757,0.3504849034664499,-0.7187026855110595,-0.05277312699663538,-0.4696892079879016,0.8848144705023406,0.450551132303672,0.14389006945547955,-1.0407700937104678,0.17804359516834148,-0.4901462835612192,0.8839495720032376
-0.5192306266522551,-0.8660648733289895,0.8387740648472752,0.8395178794906231,0.4541021631226604,-2.020284582365919,-1.4771453118042692,1.41117656117004,-0.620927976445964,0.6711716436259179,-0.2506966107421319,-0.5198096618100516,0.19815710610257395,1.2299292675146523,1.000010291928725,1.6152874069941112,0.8463300244187284,0.29306141351112297,0.546326206381837,0.283659070373201
-1.0476771358970514,-2.3422443652208624,-1.39680534149422,-0.2510713159801332,0.4247356599941605,0.7255634522413223,-0.1737642093622258,0.11624459705262706,0.5350637795779337,-1.4664848436754647,-1.6631191791130824,0.05235683433231739,0.47517818958037833,-0.7355572383062643,-0.9480819413236032,0.13377857235197155,-1.3500812194959575,1.1207899476284877,-0.6725994755642066,-0.420004916032808
0.6318077716863904,-1.4872158563816358,-0.23478530652134424,-0.19966881472455886,1.1714306257706286,-0.4070723117460344,-1.4866768957146124,-0.1954944537371055,-0.6539848309464433,2.0139009579541995,0.2671423005584982,-1.1117846517975796,-0.8266618412761677,-0.37135150503078224,-0.6529383264733101,0.5823454984485971,-1.5984496122241572,0.25999040043709654,-1.3050081766835957,-0.04948925386898023
-2.2087261048650064,0.6060722826257131,0.24466366117915206,0.7526111496414796,-1.2526162445963724,-0.10727783723070666,0.6807810018129041,0.1162967981355055,1.4505412194084364,0.6374680143575312,0.8254402093346993,-1.3877710468137363,-1.1387332996293793,-0.20046117392255713,0.18409269070107442,-1.1579268635787978,0.2291223739940184,-1.3690278052402216,0.014566621112365605,1.0344121200791827
-0.12992609663354218,1.5448096636015407,0.1978295028486482,-0.39618610274250055,-0.4981129975142912,1.4847413041779447,0.42715530645196104,-0.7176155869244316,-0.32609770398318266,-0.03552129118650235,0.29426437624638535,-0.6669334402388463,0.09249740677605499,-0.8474012062068087,-0.9404674740281155,0.41580723946004394,0.08233370227903697,0.029779608071185477,-0.029099928013376557,-0.13794509124271748
1.4418208959062409,-0.955735850874494,0.33762214620378206,0.6724865687384426,0.6784039025820052,-0.5891192731233506,0.5431079539288503,-0.26299640066951835,0.3441787760997973,0.15436785848272147,1.1459682030761136,1.8594905693317703,-1.20586557630848,-0.17100778241043518,-1.262860206387486,0.018728285400084616,0.5603397565495976,-0.6614558638368384,-2.353364730587362,-0.6773513791280007
-0.06229802917910244,1.1143636843016653,1.3274755341578626,-0.282406698213406,0.299577262704758,-0.8347673952619042,-0.018361772804094026,0.4568165453035418,-1.0019717684273475,0.8857605840893971,-1.4739638691828718,-0.6417555591967167,0.5525135113234387,0.6603957172180669,-1.1389991247319258,0.0586861014504799,-0.03842620462816345,0.13877369496139338,0.939384309242128,-0.7134515114044653
-0.17141958782123623,-0.4262751865990751,-0.6467578092652956,-1.457806225805808,0.4077824276930625,-0.23863503382521128,1.14138182216777,1.1435890992956563,-0.048397253701444425,-0.7081953109054541,-0.12171690488000293,-0.44029341232911756,-0.28902356545459024,0.09170315991210709,0.13239431863511883,0.14241107174506834,0.40703838263538433,0.9947455720383966,-0.7952224233939529,-0.43851286185010324
-1.042507178351291,0.6691516854674389,0.4195869007288663,1.711494332094368,0.07989122361986374,-0.6000130014377354,2.197570119698495,-0.3815272582826795,1.3174923750746088,-0.3992664852984923,-0.3913273597259385,0.48179220953363766,-0.6561092185227018,0.6255251383550571,1.152754301602012,0.07226701670191898,-1.2848113703656743,-3.278884888172161,-1.3269414508043273,0.39501174562655667
-0.0644725466029846,-0.013530155047740118,-0.4843783430442833,-1.3816979737555812,-0.7839410237079966,0.8622705661612698,0.1774329838300904,0.6200414914076777,-1.6087895050350132,1.4261542161651648,-1.7942976634316552,-0.7888611175643842,-1.88304969087267,-0.4335094382276074,1.1222663928822485,-0.609776278131116,0.7932098440765678,0.7398594518197689,0.11387979021504861,-1.4098174811895652
1.0009541400793027,2.0284673098024917,0.1570641563127098,0.4169159521344741,0.15557288173419181,0.39976388974277705,-0.21533787294234974,-0.8610656183773273,-1.3800848737999671,-0.48154116413299064,-1.081730991472251,-0.010711153885249798,-2.0432191768231323,1.1795395109021176,-0.48360340356402876,-0.09053253876906202,-0.6733173646349419,-2.2490987860042133,0.6743605525480688,-0.6219570054290521
-1.0053743134759239,-0.03420965178806806,-1.1768427866596003,0.5086613198835808,-1.0508365903667158,-0.9103066582092436,-0.01926829666438229,-0.4456738245821516,-0.27707470058415296,1.4666577327835857,0.6329467807803368,-0.11292963334306412,0.44604474514922865,-1.0158864944968464,0.3338656464699595,-0.020750512097566648,-0.25483198723545897,0.16885427321090465,0.21982165086899647,0.509708389543736
1.4351751390706162,1.0739753466639337,-0.08023417850238956,-0.04878168130220089,0.03636879435884968,0.6751226871581525,0.12070734349946888,-0.37133072749749785,-0.25697745841121994,-1.0659163348855414,-0.6276519356054224,0.31831001979555984,-0.5450327192870773,0.3444545945014409,-1.06587294059759,-1.2345713768753166,0.3247590652429763,1.152580044035278,-0.300336353415826,1.2758952699760688
-0.40434389586036734,0.08323017219109347,-1.132368141867541,0.9451470622405239,-0.5024636140408623,-0.1942757439950842,0.5287320084432631,0.4496352551630829,-1.364613611416907,0.4092662550468594,-0.9417822325785851,0.8511042447123078,1.1174254978114742,-1.238114150731606,0.7796219448600656,-0.3034939737279822,-0.582194457947291,0.46338691398963894,0.6996023901662651,-0.8297231010819714
-0.6735903899369811,-0.13288809059358744,-0.6250823215571842,-0.08955281901841396,-0.05864400500764342,0.927086739659714,-0.07854273890226064,-1.5968451836162587,0.04141239632067101,-1.160917123287812,1.242793690230095,-0.28697920760366524,0.4835971770021893,-0.8644613972679263,-0.755033756016401,0.5977758463247376,1.1210588157570136,-1.1802194924562326,0.31930058807306966,1.844228579375146
-0.11224158150855555,-0.7479885495070075,-0.23734346194329103,-0.998831412405462,-0.13386035286371653,0.04566029903627922,-0.8138895331295368,0.06113174906411744,-0.24222176684784302,0.3317404050310269,-0.08949267412671832,0.3807804954561365,-0.22068302568525144,1.3429573431963424,-2.0550371814186397,0.5530915717513347,1.3634619971850814,1.6476652989445817,-1.033746412481059,0.9623913074625433
0.13000592060173347,0.8453130001944289,1.6623302277520406,0.3992545068220659,-0.11575577338095436,-0.23462067783248733,0.44994329214548096,0.9253609768053751,-1.1961948961786197,-1.3835780617662996,0.7187041386763899,-0.44572704329183527,-0.01295816989259022,0.448475846019779,-0.45985743388076,1.2669234902301358,0.46945811848873653,-1.4250389247053135,-0.7048372030932553,0.8328850399604519
-0.23555188798290874,0.3459661316552868,-0.7535776484198383,0.9996777769520924,-0.3920552473885005,0.6743382080634619,0.10558499176060804,-0.4349128344076123,1.4132734751064955,1.2452214758431086,-0.6705720128927669,1.2730327346335617,-0.04955498962396741,-1.2487659849931578,0.7679206082633654,0.18891913188213647,-1.9787838581810049,-0.01991071069290274,0.17211043895150294,-1.009322257900921
0.7797951911124694,0.16388709784729302,0.5517789784696789,0.03887246723225236,0.31467416559041794,-0.4827227129463018,-0.16405280723439777,-0.7861355560051164,-0.24481330622405567,0.3070578153496681,0.16977879397820256,-0.7733260307355254,1.1916712975458812,0.805704782902296,-1.7924300978586065,-0.7445092716013015,0.9430649768410225,0.3139110537389713,0.34091042302032154,-1.1808206147705318
0.3472440956937131,0.011023547523377072,-0.39245327149192893,-1.506744444725756,-0.8472933774871397,-0.9806587059894362,0.4338500793634104,0.18858231473792944,0.06399534096840165,-0.3345579148880045,-0.7767967388304424,-0.14595676228781188,0.9724964005729602,0.30665022012951637,-0.2958645785093768,0.33259989729379047,0.38363709501455595,1.7105633895625825,1.1816266436920833,-0.8095047871526986
-0.24556595850925267,-0.48837158669586805,0.9977295225203806,-0.3861231459115772,-0.9792223588311731,2.371221983216093,0.0019449193155463501,0.33648468459500275,-0.2710118290843995,0.5139378030744334,0.7090199237839911,-1.0703323139223064,0.9872775403886611,0.4002288446493085,0.7729183074111671,0.5131258768667311,0.7166879455322075,-0.7186433829036363,1.6258786065820339,-1.6111248593048095
-1.3141924063162511,1.131055346049905,-0.4999833769671973,0.23934671219170073,0.9043754791926454,1.5028267743542059,0.7211516850181476,-2.0555464124232867,0.7468225783073364,0.4534570409000375,0.328189904695531,-0.6233214113478018,1.8018334272216148,0.7705630158816285,0.5862523825147979,0.07962001012612982,0.032740545793570254,0.4429810873082524,-0.8314915492564777,-0.32205065098516455
0.29729810133716594,-1.2779182494802492,0.9146360070087834,0.9356616061725537,1.5652498279864608,-0.37304491715873633,-0.8401744541493259,0.1985417186965368,0.15065117917558765,-1.2269122979391756,0.08309113238090422,-0.0726322532668729,0.6181608513156163,-1.2942701552395584,0.8823847604105329,0.35881958980974105,1.1965461671227482,-0.9032925255841838,0.3450495027567182,-1.2142951047095998
-0.19807917468872055,-0.8584285553242352,-1.8049854973368207,-0.4044089986609222,0.335657731088692,0.17577454637391035,-0.3580128546320905,0.14302385170483806,1.7833752945643664,2.1355410836258857,0.5173068666439804,-2.513886789997925,-2.422427539288576,-0.15006021069486689,-1.6063761090868263,-1.2066078379713872,-1.3358034870384372,-0.28297727009841456,0.45205819783373186,-0.3799578846736715
-1.4665186765948224,-0.565852534813416,0.5482022232519979,0.75658124664226,-0.6188621911039507,0.6969486713250629,-1.1209022616010205,0.7586395920263208,0.910645692256051,0.8905360440626662,-1.502473434881088,-1.0122005668088263,0.31419784038825016,-0.4821123634259915,-0.46978831190334314,-0.058232047435753914,0.36591710555871426,0.302676963394957,1.7632487466849496,1.0279698800163488
0.9921309807684344,-0.43705971051138387,-0.0840177752512329,0.5486155013394513,0.5210927898916494,-0.8811695591736726,0.8820569093094075,-0.16153308455919066,0.8095413183726462,-2.247155386015257,0.6135393041420717,-0.4146458626540949,-1.7658751999018898,2.4774335774723975,0.054688366989452286,-0.6276587314875903,-0.9754335328612244,1.110113705329039,-0.2864660413570289,-1.6206298053678763
-1.845361965258947,0.7925814010837926,-0.36903878187391914,-1.276000845909119,-1.9814579106783772,-1.9721864202228911,-0.3767824240536193,-0.3238603939923602,-1.3594033578256766,-0.0031746395174192124,-0.27712878641712774,-0.3043937043069432,-0.8788959956769586,0.8346942946789504,0.8294684778135801,0.29764458879586503,-1.3879886615195103,-0.3663937811845965,-0.03249837445572209,-0.41710272314791047
0.6353723918317341,0.39860383266294813,-0.0727617476846905,-0.15830240505350676,-1.6951568597886366,0.19513496092533478,-1.4562006239795675,-0.14687289674546974,-1.80709797189362,-1.856055165308211,0.8349817434318775,-0.09022476701137788,-0.8823315326136433,0.8550757160283595,0.945401302855911,0.5985405663371437,1.3823115892166242,0.2918943573599706,0.381373852788655,-0.18303097661298487
0.9512520511916298,0.45536601007012867,-0.17273402452263642,-0.8876266971173774,-0.43301952013172545,-0.00927703598665299,0.044246772668572076,-0.27108918115427416,1.3482917906235727,-0.07559337575314225,0.06027340920400698,0.1785871780006223,-1.1545944868860567,0.37155256337355724,1.8665284754786935,-1.1527540230489666,-0.5892647577696581,-2.299978159488857,-0.5379064774577973,0.9374825136321621
-0.4371072036954727,1.1001544945339716,-1.352265908623162,-0.4764412038433826,-0.46336825313340246,-0.3502574071193278,1.075016002210691,0.8610077265523188,-0.31723437250831726,2.1897788319474447,-0.2690022025031343,1.287966237015005,-0.5630283381555861,-2.01780841368571,0.24944057381086393,-1.2131998986937456,-0.6143870384311536,-0.7042268870407308,-2.1647666053684427,0.24235520469387462
1.0821036916662283,1.2366856252291656,0.6561819399799029,0.0704621499750623,1.119744110591677,1.1103451265450524,1.0831327709091372,-0.4272224137492459,0.7134255018972777,-1.008052518718227,1.1151771621595026,0.38789903721771335,-1.022100598879947,-1.2742321211483885,-0.9055057790578263,-0.9449368731367574,-0.21839012864857135,-1.1475028769087314,-0.9501986786978577,-1.1540714489086545
-0.4027876434104847,-1.365625916236895,-0.28850504063951843,-0.8337367448188473,0.0711158463391351,1.153273504290422,0.1088580021842663,0.647999291461093,-0.9545972404684147,-2.2525164581863817,0.5708987562164196,-1.364756348725249,-1.2510154829373865,0.3179137063114724,0.6492834581230187,0.3239264078308695,0.7535189657782771,0.5244129583525499,-0.3869353886363998,-1.0177424115841454
1.643135904107,-0.4570864668454747,0.8376248717427078,-1.5515449263734933,1.2365858154279625,0.36054951101218063,0.07261764807711861,-0.7333669481815193,-1.0189953707768769,0.1239525184501802,0.6255818936419287,-0.8827005146254975,0.07358051696469135,-0.5946413937605189,1.5584073016584647,-0.10940982706303294,1.0333607061027124,0.6705400972648431,-0.7130411068278203,-0.5544783176687
0.007824723201624112,1.354276598796056,-0.537170108227569,0.46095760128518015,1.2057087068706624,-0.7187573393394672,0.5515021243889625,0.0974990542187812,-0.11207105578614598,0.10178305304211197,-1.2128580851174107,0.9223310583229353,-0.7271737099049408,0.5475235388938846,-0.1840441724060245,0.433215244610237,-0.38599434136365174,1.8558662560364367,-1.41593664847845,0.4684170148580782
0.4672972465701237,-0.12073088930005162,-1.0169619245023471,2.072138214775237,-0.3679603711545823,-0.918812791262984,-0.7811156078378451,1.383874261473483,-0.08669577241249303,-0.061671804025454274,0.8029301921423978,0.24172501520438586,-0.6476459906274054,0.7614912273681285,1.8406387492029024,-0.6407248241407134,0.7964357010234543,-0.577032543213712,-1.3505052345543116,1.3108811563174818
0.18177961075678475,-0.42603792804306495,1.2971299130978933,-1.405330347422142,-0.41655709198854035,0.5047595389068675,-0.6670853601087077,-0.43318453517124844,-0.6904347621507229,-0.48497945761598205,0.21210930869371183,1.1014210436713006,-0.6059575214373657,0.5023863819865744,0.657796938268214,1.0725709929165363,0.5739056227348496,-0.7948410410103692,2.27482617079852,-0.5078611434324212
0.057219507583338436,-1.3849584627567149,1.2809330086487383,0.34189133719148185,0.045927691161356345,0.23508234198086408,0.09696619264705147,0.3236338580218757,-0.13963718245646903,-0.82132582409454,1.1222686474444545,1.5948065040857986,-0.8104431751817887,0.35144716519975616,0.4409760373190971,-1.081435635877434,-2.6956089275172497,0.7318856882328224,-0.7626366304621554,-1.1943600358637023
1.326061707239402,-0.40478151103530213,-0.15514023736941515,-0.07408506122008506,-0.19019514142548413,0.13849428153058765,0.2645874445527593,0.12330177181231529,-0.6600726790419489,1.0981052812703362,0.028921604375141175,0.3975133285619785,1.242448421772299,-0.23508186741075227,0.6854452808268747,1.3386179698042548,0.11828668565157315,0.8620404854082491,-1.4014764823720454,0.5465898387188624
-0.4404322570931036,0.9474014789798141,0.4164143523787817,1.1399380129371874,0.297080581603473,-0.33693938122986633,-1.7696144277796277,1.081308995787298,-1.6967846445083887,-0.5531273913104305,0.5289634350091132,-0.1215258098505374,-1.0850665246994824,-0.5873847500050933,1.4540898952400978,0.07480390242282677,1.206258755038501,0.1589833848165081,-1.9914515009011768,0.4281820194012055
0.9667214736169626,-0.2782272383886379,0.9530189118617536,-0.6365859003787223,-0.5076529992447558,-0.7218923892265485,-0.824170556542238,-0.3585874569424369,-0.05250191678302848,-0.40571810276231424,0.6628574771303382,-1.338726324252271,1.2688627106856936,1.1441406169149793,-0.07645766466567973,1.3632912643407926,-1.1415429325293454,-0.06299093632966822,1.1271555342690138,0.6580875495652535
-0.8608218932130046,0.781702090132676,1.2308293431257216,-0.22982478160441025,-2.2364704494551,-0.16636071790669846,1.5036650391391835,0.5545075800074419,-1.1734016090043038,-0.6732829434255894,0.4455044087971481,0.004977036551539248,0.8013353152107336,-0.1957862289641575,-0.22615214137093687,-1.0973390852599287,0.2949543273481607,-1.4597643977989638,0.22815423617804229,-0.6754181073123687
2.0572170965948997,-2.2635465863040314,0.729054962685546,-0.16091136999103867,-2.4503906798370787,-0.5479272706245225,1.5728189684293792,0.1851278340186799,0.2995599048331996,0.2692637512465804,2.6646797589362428,-0.32199976465450086,-0.8386451292984739,0.03354350177103455,-0.6201668414746172,-0.6351275869842808,0.9562916181581638,0.502497451700046,0.45050839903637174,0.8885236609352242
-0.23039697314200483,0.2190647652720245,-0.10743652340649301,0.19445110924017317,-0.09826865475382084,0.1797201429948371,0.007404180984595126,-0.05239740554616082,0.7562293866110344,-0.56127491950121,0.5045707842126513,-0.8859912475864186,0.46266681939984405,1.614677098582237,-1.726037912531321,0.593928255219785,0.08947415938121667,0.658606550365394,-0.971664928624627,0.7817908196796528
-0.0056534575974031345,1.051404339933935,-1.2401935689460684,1.0964476049648544,1.2534587467266218,-0.28752132711590467,-0.6482191015750832,0.40205354985220226,1.77950730899306,-0.9950679193482754,-0.7443396430179565,1.2048662781192934,-1.3353822867231766,0.6255724799363501,-0.3393926888534389,1.297102997729495,-1.430345927135438,0.8189018703204515,-1.0112509724618872,-0.022209537533039142
-0.17093441969657167,-1.9103060673345615,0.20639061531510702,-0.28355724065490323,-0.7142879372224787,-1.7031737409235281,-0.6721931493396768,0.1723290636855906,0.08228921923523122,0.5428419873348216,-0.6864304130317065,-0.9996707104429025,-0.0014720056235700853,-0.664831716327944,-0.474655974061602,0.757750806019622,0.6183051911013199,-1.1364775647667724,-1.3648998401059635,0.39317177510307827
0.714278632548097,-0.5737752933845356,0.2548319112063554,-0.4149921845316411,2.139838704437895,-0.3553594329911797,1.2320741515789615,0.016272815550282795,0.24867245240853583,-0.7188887657366315,0.189934779556921,0.9462760443942142,-0.037362292644885324,-0.6175335373503285,-0.5638191123351498,-0.9833892636879112,0.047981022093677855,0.4014570686962126,0.1265674143908316,0.3077618771688257
0.7042869908582177,-0.9634861972515664,0.1776780062772801,-0.5394270368311626,0.6611207240180095,-0.16812366620976268,1.3575295036894324,1.1263185006167806,1.6739329040720992,0.632014218793644,0.8728062622352524,1.6687499447916447,-0.5115497509375161,0.0020478433812642833,1.4985883152040556,0.2107724076718035,0.18563648890814322,0.9398546210174312,-0.4579004278370514,-0.7021904861563577
-0.7394702600112577,0.7801467817968037,0.3791636179168684,-0.6923047193470858,-2.322116495675235,-2.583459498345584,0.7718521315627775,0.5859974826969019,-0.7864898943259129,0.25615976953132213,-0.8429707031362695,-0.16229811430820246,-0.8036305722042891,0.6547427680387475,0.013130783530299199,-0.6004313272332168,-0.5599372127170595,0.957359938323763,0.03629722629271308,-1.5222533877513766
0.9515741119939078,0.25871051481003426,-0.3732966796125722,0.3842195671186306,0.18790328325321679,0.7507638720253912,-0.8566970237746325,0.9862143219259665,-0.3878694510773638,0.37883338127070926,0.23296198676386254,-0.30268143481104104,1.2937116574453098,0.7758732519162912,-1.7576125043569932,0.16755514806882219,1.7467962286746663,1.2811893057696089,-0.5953057160636384,-1.1313615612971923
-0.6918255746935249,0.6791726434014793,1.1296685261271198,-0.16836611777167446,-0.15090348037829923,0.6274707610314306,0.8160248933826653,0.8831554916002876,1.2565928631172565,-1.4735013217722888,-1.1122083109675833,0.19299932805882564,0.49401221248606636,-0.5857764577941875,-0.8107507349171713,0.7225890660067488,0.1641675430415762,0.6945209561416866,0.3761816662960869,0.8695160906179782
-0.7096639293996498,-1.1999644770793265,0.7198515241665194,-1.6627146623659186,0.7682888805646532,0.567506508594266,0.8156382421741817,0.3964361499844945,0.11190745220240138,0.5875759780985111,-0.5309445438110093,-1.1149754873124167,1.2493982285306464,-1.4178276215418206,-1.7030736635739214,1.376851647433786,-0.9821999505402946,0.8964854428468619,-0.8757862008322419,-1.219950540807104
0.39970342040706547,0.0320858386466131,-0.32812930000378415,1.0716025393086162,-0.6062911961439302,-1.0042299696210235,-0.560825999345309,-0.015872909822307615,0.7749613825872892,-0.9333266624075145,1.5914911908531928,0.40164797381964124,-0.660087274991289,0.9956596770490908,-0.010033844456035659,-0.2791415839482463,1.3635645713115125,0.2773637143703924,-1.0328313859622982,0.8700109968815273
-1.5724348106083867,0.15097365037554217,-1.4737980840079912,0.6397263802058789,0.27637379584787236,-1.5416388198251705,-0.6495040926471338,-0.19830912944913723,0.3086399465099689,-0.9353229132434254,0.5597329511028863,-0.9581331093763047,0.521246366975403,-0.6976258276084228,0.18181046715302676,1.0156037795210993,-0.006922658225989655,1.4868535816573272,-0.1463272327676663,0.6463212850002702
-0.631757400069559,0.6008351108218942,0.8684379508533626,-0.16485519965568948,1.3090586375952356,-0.12456678027958058,-0.25152613082763664,2.3511410088241034,1.0502643043815534,0.44931586125552364,0.0024567257413059297,-0.7395397508350394,0.11575793293553695,1.5763421283815018,0.37731230431843243,-0.6350534840073466,2.2328382514932654,-0.27509161338683763,1.6593401030304473,-0.3220627469214526
-0.16523613218699731,0.3474600531773918,0.7773914793343939,-0.4121848916828538,1.3104306501251204,-2.4719738855594784,-0.1475276764415264,-0.33779363955433517,-1.2272788651170605,0.3304714860974264,-0.752778133227489,-0.2130638390870944,-0.8008153898724106,0.2776726203293497,0.1401102025826357,0.1444656925853663,0.3234083967093045,0.8450214811929834,0.5462323957546794,1.2113801012983676
0.5280239074972193,0.9849350440826466,0.7433054171683754,-0.8938741525546315,0.7575509272530343,-0.1794242785813602,-0.5007441602253644,-0.8412637152255263,0.14008517814759577,0.7811364073017235,0.7345565513618924,-1.239318611442934,-0.1558581092883818,1.1158251152891778,-0.2390056067632032,-0.36298084271890546,-0.16246163034449404,1.0509714227062334,-0.517420872204925,0.33590347212063537
-0.044527520227844335,0.6868905675102297,-0.5144503550828052,1.8376132147895057,-0.4743183948639738,-0.9271920161389924,1.5903178473624355,1.200138459083865,1.5845905561410492,0.030027937749281263,-0.04717966830830881,-1.2211957503751256,-0.02567136489627587,0.8750188125866217,-0.1913331016655543,-1.6322197551595898,-0.6729134282477811,-0.3649589250705689,1.2045662424449304,-0.8054279971884966
-1.2746610193774275,-2.087945829397681,0.7649591686263458,-0.03505928561891126,0.7139159513669846,0.8540655472094786,1.1678051315235123,-1.8040456110699343,0.1992662069457476,-0.2713289018609227,-0.4485390878275966,-0.024039753526326417,-0.26216127527851907,1.0949136062812457,1.0926704715833218,0.04239306361788398,0.080369120138298,0.6755067808358781,-0.0997194678677578,0.1334135484637812
0.5662494510770454,-0.8342115694107886,1.5211622945949843,-0.7061518400110841,-0.4649022711976938,-0.5350964557063697,0.3672089475090739,1.5419575588455547,-0.06475268047748652,-0.23350375071379983,0.4682116825899254,1.5579380577482065,-0.5216856046177673,1.582619681203501,-0.9975548863324002,0.5769472593895812,1.0843917092630497,-0.3672066460445356,0.14707674473166507,-0.3930377198516249
1.398333254782243,0.8151063866263433,-0.5907903435162901,-0.40263204837763167,-2.0058879932449387,0.21223549417957374,0.41419140563554996,1.494104124271151,1.4433580340192362,-0.2208179303049302,0.8389092088835182,0.804050838899041,0.28184988737060307,0.4333822267358495,-0.7352442908423369,0.493362947314822,-0.07896712813394915,-0.3427489697471917,1.0149360020067841,1.941440773010643
-0.3305190460500074,0.12212948456749834,0.09436937748402793,-0.9295779814203902,0.23858506805582672,-0.5310380305989743,-0.4356529145611424,-0.2533021364518225,-0.2742750098881067,-0.13666651110423353,-0.26159798117380506,1.4452795346148024,0.8229883757868154,-0.968820169499581,0.7580551438931514,-0.8478168494839634,-0.48767237929704627,-0.013882936412539548,0.7730864089167334,0.015174577927533454
0.9989789553780625,0.592620065438121,-0.723488383360105,1.5214723280199995,-1.0710843675743318,0.22273329051474663,-0.09236247994414366,-1.492990288730607,-0.5732866337661673,-0.7843403342517872,-1.477805934676896,-0.8128862534734677,0.8330248762612584,-0.5396907706152638,-0.9719920483037104,0.5682347191411026,-0.509101253941012,-0.4874116771852956,0.3902435896299139,-0.2550435543225852
0.3894747740925875,0.07303165349964971,0.06314875100137346,-0.4209274864585477,-0.0007880707961232696,-0.5735271074916484,-0.1599031108335082,1.1765369787318058,0.6679543422749772,-1.0302761484074459,-0.26931167260998423,-0.4177354584269618,-1.0709097897584443,-0.5046343243438909,1.0672381546243268,1.6506149684227482,0.3621778699387425,-0.8285114358769846,1.3686716932715415,1.5712392902151395
0.4594372357570238,-0.6995491745897169,0.4980328347878674,-1.6068314811977291,-1.596333038724347,-0.7663940595999326,-0.08568885691281473,0.7306452679573285,-0.6030492986965057,0.811777439519662,-0.6474354611904772,-0.7767783779072612,-0.09319707512348585,0.9129887947533645,-0.530355169156706,-0.9528368424679748,0.27300501261253296,1.5697588981147972,0.9344390865629969,-0.2558504806899961
0.5724932159679222,-0.07676292412130496,-0.27774474507737235,0.037749834003653,-0.34602064764486107,-0.11046942532252119,-0.48482659335073547,-0.40212434860575974,0.4270838186601451,0.5971092034342814,0.5011153346619109,0.07526459102120821,-0.12026695103785374,0.17425022286724218,-0.6218725528316869,1.3097811791059275,-0.6704579964006644,-0.39817409182532043,1.6882862378004106,-0.5484528744811515
-0.8223858900131357,0.008661923407223826,0.6666239010422,-1.0235594475542553,-0.7903521299880574,0.35910509434988463,1.3166671132968517,1.4801495771402209,1.0559808242881767,-0.5693101461399216,0.28581381866707833,0.09078814113560885,1.5926495700048207,0.04778055767238355,0.13205329872254354,1.5262623782767966,-0.5378810868916962,-0.8028577120316188,0.27881354529768604,0.7267740733043133
-0.48236359930371137,-0.15256007087678358,-1.4782109232059277,0.4344230536867923,0.6890937531840953,-2.024123436403922,0.09144325907968055,1.5445170755409106,1.1406554395504267,-0.8280661458842025,0.0549721828922545,2.039461774351821,1.4967666978830272,-0.23493751430469453,-0.5464591037216057,0.2935875604760762,-0.40738397111245367,-1.1480292625784527,-0.3606721231988602,1.8130782904295317
1.8859202394694083,2.2848902557937705,-1.2317319642433429,0.2940111378825602,-0.4224209044044555,0.4365409441232046,-0.49096842296485776,-0.23435997380207832,0.5442800099544437,-0.32706543576704444,-1.3900166413487731,1.1995052908795996,-1.1636081603263353,-0.577361983390642,-0.40383963329807177,-0.904278643525757,-0.11985999284909772,-0.07523157974302706,0.12081866712920551,-0.7771542729546345
0.7277227812819165,0.3654761310464577,0.9807944918638903,-0.5641117835067107,0.31090097718137816,1.673538557514991,0.7695320121826342,1.1504975927655792,-1.2324533390243977,1.162184682246572,1.3842168478668864,-0.4375303120998125,-0.7884342504863148,-1.3708862123658603,2.0667302625873876,-0.0012858876457037933,0.4604121424690222,1.2766913981654198,-0.22087726230076374,-0.8039646516353447
0.9583766872894921,-0.6311816695423106,1.8692966926536987,1.1215637623505146,0.8171318371524021,-0.7208978026023801,-0.14472445983861346,1.2339390300323037,-0.2053221376513463,1.0710737623150526,-0.6633383221217959,-0.34551514405698336,0.9586632994339668,0.9718977168098722,1.138632553797551,-0.243348775699239,0.019925691975431974,0.06364407837826636,1.2081726350677775,1.0993889924823037
-0.7809678007359387,1.3727616441604664,0.26745724929901543,0.09913999549464632,1.9684469392140753,-0.7377415605281784,1.2087173530314776,1.7213678553022866,0.343021183222643,1.0457680768961821,-0.3762205204687407,-0.20386154084416105,1.74113139778406,-0.18144863692152285,0.07957905426253031,-0.08944422107661494,0.03204956788497399,1.7090673379729933,-1.3511789427842102,0.051172990912463336
-1.024264678042089,0.6235586589184743,-0.26981248299923993,-0.7915608583965178,-0.26004662534807366,0.3731891153172903,-0.6967001502968475,-0.627235255714715,0.2041609553811259,0.8320230608988897,-0.14908198881949722,-1.619276332628369,0.6487048115446978,-0.5843987541685824,-0.9170864186175277,-0.7351927364253686,-1.0033335797905267,-0.25200746486423353,-0.6787310503897214,-0.9567012321467847
-0.4676941386025152,-0.37431201211510523,-0.18456267510621854,0.517653192129397,-2.043962250797544,0.6404953102313621,2.058378715319023,-1.4070048738512086,-0.8350769910796991,1.1499249932608608,-0.6753310343941858,0.2628579156710624,-1.8313920027347048,0.1131471580770655,-0.04068400321969952,0.8334976427231383,-0.2122232498709205,0.047539691985983804,1.28136644440365,-0.7812254179873481
1.3013128067781456,-1.589368348586157,1.461397337873937,0.553536138920004,0.8217913486569839,0.08401813614009367,1.2397962407180823,1.2040086500172449,0.5538644448071033,0.8768474228639248,-2.1586685212856978,-2.218202828343295,-0.08196778400299148,0.3659813116118544,-0.46492303877837315,0.48385998180776774,0.347905894587381,1.4205149559845807,-0.5062497769985363,-0.840693989713289
0.8236237510981269,0.40128780296552746,-0.14025442740725508,1.9227503944034892,1.9684629804709295,0.013724606789438562,-0.7133733727392012,-0.6067409531096846,0.39025900110141565,-1.586954260951792,-0.2686433173131853,-1.919041485337716,0.29316912690025504,2.1973274849594073,0.005174018355200622,0.8246132826814596,0.6913369749023652,-1.0204217694817126,0.322129535668102,1.3417255133517054
-1.0411880247995249,-1.3580893816246913,-2.4983113159931123,-0.8385584748779841,-0.6043891721416422,-0.7499086243019703,0.24024210122885026,4.535842606325603,0.8964196025424069,0.22900076929677346,0.7191296729845212,-0.3341213589224921,-1.4312782987415587,0.4524560956985297,-2.4854611611520014,-0.40934348485806715,-1.0947488808223735,0.24605765661794288,-0.4414710695550769,0.7605219613244277
1.5203328463072998,2.7387029877964233,-1.3082360293800486,1.5505001379356014,-0.1542176513443636,-0.5171675223849305,-0.41397853473026425,-1.3591490772505428,0.5789435100432219,-0.8549409474124425,-0.009890233350242314,-0.38539199053914697,0.47345962114161844,1.3092296859058206,0.07089445448312569,-1.3175565014480135,0.6295937126951869,1.0269206072950914,-0.4791169317670638,0.42129732279209414
-1.0862073899832894,-0.0007637061061162246,-0.7456141597779765,-3.1509306865727353,-0.639728213620091,-0.14804519149660827,1.0072069711820413,1.0751032914593008,-0.06139109637717298,0.09273038850030182,0.34357086607446546,-0.6861554771158735,-0.5133940296050858,1.4750617984085095,-1.0110924330776563,-0.42128418634234205,1.3359883692400323,0.6194909806099244,-1.2638844875265893,0.0650952888464827
-0.17266049270213407,-1.148801474323742,0.4339744142637178,-0.6987347275682952,0.11195261389598776,-1.1488402603004448,-0.5424493517274874,-0.3158053292787335,0.41460879350110336,-0.8358063583776183,1.8119903092104128,-0.2746984352423329,-0.1382991281155099,-0.003379619879466973,0.07569101683726806,-0.5379504310868977,0.413583590433872,1.113538570915661,1.5404966072411153,-1.9179222402859688
-0.7264498707418496,-1.2603763120294142,0.19159944899983852,-0.33103810295089703,0.655471032828007,-0.5165838353282999,-1.848878883340643,-2.371546512237178,-0.893912648604815,-0.3055756125428159,-2.3010218473125037,-0.13157526933190114,-0.6392105817957531,-1.570684157450616,0.6617290182540588,0.9406285397976841,0.9250507946324582,2.113941866567224,-0.5528936548898726,-1.5788556920683927
0.6342054358976669,0.9542743903719741,0.7654402907012584,-1.5539570034513226,-1.2796682552945982,0.13480177422178943,1.0020793045728964,1.0508505405877098,-0.8937068411267286,1.3841666760216886,0.6172356137081297,-0.37287563932045753,-0.27769489942963144,1.6903281887979886,0.16343698272882629,-0.15625581712153416,0.47355921353680885,0.8565090985479316,-2.2190063600383674,0.1454731522695491
1.7367954528643539,-0.9206315348514477,0.7584337855454207,-0.4596297212141759,2.5946731005269776,0.3855336498607505,-0.07398526109296583,1.0888111974506876,-0.07637150269340674,-1.1877617885628269,0.8088617244911807,0.5163383439972749,-0.5789576744657389,-0.301553971636677,0.6927286072637139,-0.8759370261943263,-0.08599465869865199,0.47060102522266767,-1.2983003945475233,0.0575506917361766
0.9286695572332632,1.0544692598630205,0.07231727270186014,-1.093367932088,-1.9124809152375473,0.136569561233216,0.5581464477691066,-0.9789703524388165,1.21315622210593,1.1202644730336184,-0.2154318185748879,0.8327304440262138,0.021258031820067264,-0.09067668391340276,-0.6683700919224577,-0.39216561794689825,-0.4460979850609305,-1.426418204173986,0.24889961835144145,-0.4297602701551197
-1.6595739840928614,-0.0782192952586329,1.105891868540728,1.245574902478213,0.856564555234533,0.8259266655297929,-1.2227417779864138,-0.34897816474081655,0.5320919206359899,1.5340457738427085,0.7192533147928475,1.5490595514565142,1.1406829614890481,-1.69574365452869,0.060085903655628256,1.6370967081295882,0.39445042118913104,-0.1383731080048205,0.2504256930031644,-0.07241169216912059
-0.8221541110947989,0.6947462746260387,-1.0598163194456685,-0.0552171660501775,0.1643785321785851,1.9801173677670505,0.5362733106674826,0.2859204160415396,-0.310923292775336,-0.6283743800378803,0.51149232608554,0.6174529485452224,1.0309723557511528,0.2520471620598749,-0.12629244366114512,0.5614331976570924,1.2045707488806718,1.2306087430053438,-0.7284390396013658,-0.18284566265222246
0.08118306440961129,-1.6962350028112188,0.46138044322684024,0.38053316237023094,-1.3130126088748786,-0.1521572194530075,0.3574026832629574,-0.16510823495911062,-0.014985065506423208,0.5250783837275759,0.5605083138583438,0.6693231901590871,0.2046813692364066,-0.9949417506205993,0.09244076341711568,-0.18590438815443477,1.050939114787753,1.7545484210935651,-0.8531351136371328,-1.0390230072252986
2.0642331865238126,0.45996822003213705,-0.8059984740365413,0.7915903244537187,0.2108639824228593,-0.611055111824443,1.2552325529215325,-0.12261832403880793,-0.3624417521604391,-0.9772838734959719,0.6517147854283949,-1.02605957819632,-0.1329694714557218,0.524138678897136,-0.22710574978703102,-1.616511306006179,-0.025134881226684933,-0.9794814557599923,0.3451040027368186,-0.09743444013488842
-0.45380705956999123,0.343238230071182,-0.12886651687201245,0.6021176771180726,-0.8739339160351014,0.2782289465329643,-0.5134353439060215,-0.4463996849162047,-0.2506475356271188,0.2671582502965986,-0.44483922010265003,0.7659682901847036,1.0397186299385195,-0.9508266868527434,0.4662563859994586,0.9279031307660446,-0.8439552051054401,0.37579441827242865,-0.3948329234381571,0.49392475209394
1.0375592010978445,-0.22905131560551042,-1.692328686655236,0.5146185885288016,-2.1730842320171786,0.16204762538783024,1.1925594576142182,1.0975872392432524,0.16314691837739898,-0.05106558174794864,-0.917986952447413,0.5899850121666224,-0.9469697469286373,-0.07037122055791754,-0.7306234433598795,-0.7365753674044556,-0.8418472469754983,0.13218049976137444,-0.8808167289362016,0.33259348832279384
2.6843223127935727,-0.6443682101102097,0.4960152401112723,-0.824636543473021,1.241522385769794,-0.45870043328231075,-1.3102056112258624,-0.931145405605136,0.26387766351499437,1.105051025882531,0.059711241125436555,-0.9991571452286371,0.43752633034330835,0.5655391758811821,0.8792618781167715,0.16388148793025195,1.7940341617513744,-0.3593683111183145,-0.05936842209899187,0.696587159425657
-0.7017356477696478,-0.580298477626906,-0.5745770031403588,-0.30385725114614154,0.4661298866206281,0.7246311434243757,0.1636348068266573,-0.48219001882238194,-0.3607580162009689,-0.009647373643930651,-0.04151694609176471,0.9389315174262417,0.5596967361990245,-1.1175215451503635,-1.236628147284281,-0.736834188132015,-1.2333136910557085,-1.2351780609662635,1.2948670967795641,-1.0187961256656892
0.9490954578530508,-1.0320631468735275,0.16015210712355726,1.1461647648107713,0.4655282525062844,0.027293011039516486,-0.09917037294619102,-0.3304671178605712,-0.07967146426456437,-0.9413385856791248,-0.8635197690590533,0.032400075695344956,0.22391582731343665,0.1515562089968826,0.23802285891898164,0.26413318191472146,-0.03640387188353567,0.1565330992748846,1.1828044276107645,0.07036900923865443
-0.6277970212111782,-0.591760569837948,-1.7877927911223008,1.6310487562841427,0.11394236873608468,0.02562224809083579,-1.086592399337725,1.1183926514343874,-0.4313101828536195,-0.9073752232242733,0.11415592400320286,0.2166336102939006,0.12976521433839772,-0.16665579982795684,-0.28282509384294063,-0.9929518487534624,-0.3839585841484768,-0.19959225466755445,-0.4695205357802455,-0.3932894000567287
-0.8083695657236843,0.29134019188453,-0.2560542383677197,-0.0728615586215431,-0.769618197899006,1.8901653396933884,0.5855973607553754,-0.16968521418397065,-0.42143872212235994,2.0587654762278915,-0.07272795974272066,-1.8667563746287983,-0.827738870072174,-0.4395649612025547,0.084252883945543,1.0630971502617759,0.025122078858186146,-0.3623168696638902,1.1496598222735361,-0.8938096695375513
-0.11568989268018778,-0.8779846689015903,-0.1155934110996103,-0.6546229893234373,-1.712632573795507,1.8956025984062754,-0.03511832594675161,0.08922552940323994,-0.21910800046119216,0.6109290920295097,-0.2545466180256978,-0.11028806472325163,0.7172355297021847,-0.15118605753446904,-0.9720682918489578,0.730228126817963,0.5267385340576809,0.7230591255439253,0.3535920655447861,-0.5372798583023576
0.6687378186252402,-0.5125687594264803,-2.3010461255441714,2.9341172988141837,-0.8409275703824571,-0.6234440154034464,0.4916809295050074,-0.03549579316312437,-0.3232159001903889,0.9678476588389394,0.09657635100471652,0.8194937365567454,1.0903880530747663,-0.31290487940545914,-0.49925378326822395,1.653712675002263,0.5224997243063577,0.4190514134676054,0.39482072195558815,1.3694999697995267
0.768318373944474,1.002971076559124,-0.45364847128090185,-0.19728865277379887,0.8435216744741302,1.119584695955981,2.566308585325913,-1.9322576339317477,1.1562440499157154,-1.070022701574239,0.18328649129340102,1.1553123772503597,-0.632084772698193,-2.136861714208926,-0.9977130853258406,0.05369742108946166,-0.7898351278083521,-0.36673435243159036,-1.537582139065794,1.1892888523278655
1.2441082275128241,0.9032802189016219,-0.14034555196625365,0.28365227983956914,1.0055835293661166,1.2514601079359378,0.23634435346289853,-1.250190635519858,-0.7817421332089474,-0.929359388726513,-0.8771666866792518,0.8238390529653822,0.5569705003496062,-0.01462209763000385,-0.7097837110298549,-0.2055698275954007,0.2883335852388628,-1.680706302296383,-1.316179851333787,-0.31660938290897944
1.4270006015971937,-1.7166118915674515,0.6239524861837259,1.7125374743944688,-0.45757213916640677,-0.5482809198102887,-0.8223617424881602,0.9878668334359471,0.6526679372245087,0.23170296129446175,0.21119726190842703,1.0092785340304884,0.8819359875434786,-1.729100648996224,1.3830301173617805,0.6490907234803268,0.1896905822553805,0.5842927976998599,0.1583375057458434,-0.482643024513376
-0.07132602073266134,-0.024846518540090304,-0.038557499106644015,0.5737379572658051,0.832674810180155,-1.7136866100126624,-0.40296799682907863,-3.0534841252049283,-0.46925815931867754,0.26032465248645714,-0.35222367654112324,-0.051956065486989715,0.6420519273667626,-0.10091061646846274,-0.013820751573188515,-0.16140485573484714,0.6651097496368953,0.10040545500643326,-1.0950166761299365,0.26218947396668996
-0.4543738984726715,-0.8933378716908321,-0.43722508410831845,1.0580201946068006,-1.138162115133697,0.6131031397453829,-1.6431909354362082,0.7435746204087106,-0.03836871363520352,-0.22594180461899424,0.6257875051803317,0.28288304871108005,-0.37015455936021274,-0.07612544258065543,-0.5419683865743715,-0.730050003478578,-1.34123854677527,1.629810865882477,0.9502446003281962,0.7337791734467963
-0.12189329759340337,0.22786883875949207,0.6440163707196819,0.12697916270224074,-0.3487839312941206,0.8817237027246796,0.7216126666189967,0.6779287445301542,-0.5793088298599793,-0.35694619278540635,1.217710167737125,1.0858645654369738,0.15218714398988034,0.8456853663063899,1.1736912276198186,-0.5331685587070487,0.7584784030156444,-0.732299306298953,0.2893679321754863,1.3222099261209277
-0.549512007393054,0.8384318115598013,-0.9259216301735397,0.5550237186682614,0.6206072416548933,-0.29850413216072624,0.9531759828239637,1.575642986699736,-0.3474573401243138,-0.7009755438287424,-0.2611696424501003,0.10358269551401487,-0.4490241439726674,-0.5298294501256753,-2.137652119116827,0.4558868123236264,0.6024503082408997,-0.41523488325694774,-0.14933036178567125,0.3210093782830423
0.22138093017340035,0.3110665417966434,0.8548100553543755,1.352504788356879,-1.8475582002748252,0.5737624919976402,0.26790658753572333,0.3766151666368075,-1.0006738245758164,0.2555861465243934,0.8139690872968453,-0.6363322168643466,-1.0688867577620615,-0.35015187403607795,1.0838591504278545,-1.4899099620739593,1.0771821755427071,-0.500635518889325,0.10767299120879668,1.5009623901077853
1.225769125058138,-0.47704071893938144,0.13023370644552784,-1.0831757135039592,-0.29044972881496606,-1.2061779702156923,0.5158055542353194,-1.142603383735723,-0.9171492750886163,0.26427058546636,0.5199063766080902,-0.09356264578833294,0.11750604852125993,-2.058587202711279,0.3343708565629262,-1.2635449660356857,-0.929601659037065,-0.7758532012884133,-0.6997803195720421,-0.8734801608606677
1.114971635203168,0.1592349570014587,1.2041371338666567,1.2218190658908135,0.3839715521416482,-0.9310907360417287,-1.0397518355211004,-2.0788409023420056,-1.128064863291665,-0.7893450010834137,-0.24260239740939796,-0.5454171750635045,0.3401924980653799,-1.4750617900112784,0.5745587247481927,0.4554478619713953,-0.6877864821620934,-0.31002804679351814,0.7685905184337962,-0.4596407684630737
0.7782823448097975,1.236128285836071,0.08680567276662288,-0.13139724923078533,0.0700274242056778,0.023359828496131132,-0.591300358478173,0.112966770896434,0.6248712888135174,0.32132529736928706,-0.19508414684095085,0.13708341100648166,-0.7772306612959313,-0.5931542769916754,-1.1980873095941722,0.16155767101262689,0.36528776303319394,0.6349097435179666,-0.7954607193024328,0.5241387350026034
1.734076755274006,-1.0965450452256262,0.6092341024826369,0.007142824190106413,0.28838129672563034,1.0158502910911504,0.10427865633116074,-0.6295961023933931,0.45651878810031715,-1.726760521710317,-1.3959961859659737,-0.2941186228447037,-0.2072680491214155,-0.3959653123478003,-0.42557901016179855,-1.904451597899128,-1.2990373531875328,0.35074379051866156,0.004600882996340032,-0.7784277098081003
0.2802211867333999,0.3304417495204613,0.12342358749398549,0.5467367706320553,1.4422872467161543,-0.05171476361001258,-0.09284622087231997,1.0297122632853004,-1.076678566854296,0.2884003536390425,-0.399818785302574,-1.3095462443718844,-0.5598822894880047,-1.838969286481314,-0.8152634214631598,1.2886290992316782,-1.4065163710927346,-0.9060613792198917,-0.9776171596911433,-0.747902252530232
-1.1775303216212218,-0.7221979121953761,1.803813043807441,-0.4988001246534484,-0.27750973660948186,-0.19515226194409493,1.1728182354813068,0.7946013605886211,-0.0023883979198849378,1.2939729634216826,-1.1173013224391224,-0.3761519086282627,0.5550505816867348,0.8394154946837573,0.6149590986400855,-0.32688318699222496,0.7666320984467606,-0.7150395855948345,0.5754412028676252,-0.4541732037623726
1.3199704158777261,-0.4200917163884465,-1.1439633338011295,0.5545955453794542,-0.45088634878415756,0.4582294418675594,0.5120591934442933,-0.6599376247584594,-1.3139067558501285,-0.42687474348233334,0.09936146995278905,-0.7571135157735988,1.31132416474959,-0.7437271322298894,-1.534557795492605,-0.8858667921964051,-0.5474916504136181,-0.26506354626808243,-0.957729326317499,-0.5274554456961948
-0.7347826048092612,0.8688754843710091,0.39882414301507296,1.5771999391050104,-0.3407880229195669,0.9295469518419907,2.119519673690355,-0.7072345914981768,-0.27381932852812396,-1.052517811164049,-0.007874304795141476,0.32513666384053963,0.6084494979131039,-1.4414532153078328,-2.7071656211719697,0.6242726879210276,1.751012541200997,2.1133759811059036,1.4367069522735383,-0.8908719223501366
1.324203349200126,-1.4390349260347637,0.4300761942620393,1.2379813516016769,-0.4893060666927324,0.9721634241702373,-0.316306040757206,0.7456585261636292,-1.252543740331942,0.30043632476854015,-0.09466996984394165,-0.9647128909994596,-0.24221288308379776,1.211625746212408,1.0176606086427855,-0.3154321774569587,-0.7860801533747167,-1.290774644710929,0.07363953488881238,-0.7090581088753829
1.2978270567055066,-0.7074809898845279,0.8165878768055997,-0.5491092397440657,0.15256562392556125,-1.0527974692255733,1.359300825368604,0.9447491291401449,0.11147084900223989,0.34023526293806977,-0.03163137260623685,0.008072132817453904,-0.9710585270785538,-1.9722431811745116,-0.03648887553586952,-0.8914963405566216,-0.9167815546403801,-0.04922467143226666,-1.492570470746627,-0.27311579325383434
-0.499814304861585,-0.6466197746898019,-2.0301520490293274,0.5919170247175961,-0.5328178790798693,-0.40358864232101643,0.8488761252841396,-1.4495174837218325,-1.4927475390867357,-0.5075082821226984,-0.516629804737723,-0.09111026891995545,-0.8819792277226328,-0.6757692419986178,1.551438422302339,-0.49700004550391225,0.43976779099328933,0.017801546286600706,0.5789740943600546,0.8589985034253289
0.9834445906367796,0.7226422400215723,0.18265998714110296,-0.24925541565787007,-0.16635157153661664,0.4060323787004895,1.9206690201777346,-1.5534159656349145,0.14845039184106748,-0.3637620834260854,1.1231614290519718,0.6122788102276907,-0.3351378415089994,-0.058760263806618786,2.0030991923088246,-0.6736393572196893,0.20943767372587122,-0.2427932505045535,-1.400870380324839,0.4356736415474235
0.3217921066824244,0.42012737943848577,-0.5835929051292928,-0.39624653614251065,-2.3364193750371416,-1.172286981194505,-0.7864603555709841,-0.5396023291634937,-0.7523278098562828,0.21670083344326788,0.2613474728615413,0.6533539153144511,0.8805634263499124,-1.9118415687072243,1.9762422186783843,-0.8331419581351114,0.2810924455084921,-0.5950332120582932,-0.7644531479053656,0.4490776453474709
-0.9525479825625002,0.2859283591674341,-0.030517235414790896,-0.7907694524338087,0.6055751590660484,-2.554046972711173,1.9820887647924053,0.1220631338093424,-1.759475389879934,-0.11277086773503633,0.7820938516975001,-0.07645002357528641,0.18820241093274165,-1.2800916037470855,0.13232365650097364,-0.9221082481084957,-0.7363607297854473,-0.9552940288491021,-0.36988314408169265,-0.5398698997296412
-0.804147460028701,-2.6314675564239707,0.2484502351442595,2.4992274129981187,-0.7542106828207913,-1.8369876021502356,1.0542013918774589,1.0132878617836112,0.024107180826435256,-1.6015212167708883,0.6736572219575404,-1.67014259876142,0.26229728092125026,-1.038474762694341,1.6036009920169576,1.7541944544070784,-0.483861879627552,-0.6442886509651072,-0.4126368199770981,0.836976972890005
-1.2466940694450592,-0.419811441408593,1.3389131252271775,-0.08359308724889293,1.088731081212837,0.18712296789354937,-2.208339360361384,-0.22954998914642438,-0.6258725550867853,-0.4452284528035936,0.5800677646586744,-1.2979021209769994,-0.6199913097759121,-0.7304816326993028,-0.9960252658614653,-1.3525357861037437,-2.2467639940217494,0.19393490543065917,0.6095538499238577,-0.6240235388094386
-0.27271765710676904,-1.1590746456586534,-0.15738060302508533,2.046112043639064,-0.38867618180031055,0.7803350287222759,0.7620671692222172,2.309574646486716,-0.7498227447654492,1.2507898567180051,1.0785417903769232,1.3530127169135915,1.0094565284578252,-0.5071373998868723,-0.892063151765449,-0.28724091120195056,0.20946064047889904,1.504489184966243,-0.6845436105220208,0.4958818502447697
0.48390757085854885,1.8768007356415024,-1.4152636205140654,0.1488547724221338,0.13943917260904343,0.8334059350606772,1.4617919392469136,1.8337968474780593,-0.35062723685140684,0.044002106496743396,-1.5819725562431357,0.04196277246738243,-0.055524817768284204,-0.8811800859601134,-0.929593977914703,-0.480477914830377,1.4585168576576202,-0.7947046643158188,1.186057470788845,-0.9695714611555496
0.8238471133924662,-0.5614470500731845,-1.4770225506823091,1.2329601814845401,-0.6277562507403427,0.6838466308061016,-0.46099158502106263,-0.39411527999010093,0.9954587898601381,-1.1322494431582037,-1.3187110497166563,0.43392184773511333,-1.0470168537135651,-0.12110130435968064,-0.6475940655746806,-1.3422728248519475,2.071645299416391,0.28693345400634607,-0.05574846916066666,1.1940002233696205
-0.18805934588254786,0.296411652892251,0.04158128489118025,0.03314840695711317,-0.4019173158586418,1.4393387358606238,0.2972603545093859,0.07724855249767025,-0.5657069402011211,-0.11473493026331227,-0.22074301157275383,1.1532863138476723,-0.26630159034551243,-1.0881173440166731,1.6488088499141709,0.46735228743067764,0.9402874154710441,1.1680192522717725,1.591610354275456,-0.7088548221201361
0.22780730007880978,-0.130990221380808,-0.594188952995004,-0.020801271676348654,0.4768883809693422,0.2503243358494123,0.9521064332067921,1.1310021890220046,0.6724360947592639,0.7648145957712782,0.6419429965906512,0.5506577969995852,-0.8687887370859464,0.9447486287885551,2.302149819399754,1.1858393855008873,-0.5432873563692106,0.5638674605923666,0.051056587142231255,2.270952748975109
0.7064202860364821,0.6697930416299926,0.13113389601078387,1.7507092595849287,0.5120964641659504,0.3425076371823933,-0.8336788845293598,0.8599328758191452,0.933604520846664,0.9989924010785344,-0.9389262254569423,0.25441658148295265,0.7626320581590841,1.9603725876601792,-1.614396421781705,-0.8177202871767342,0.19535678452244384,-0.5974070350119329,-0.9484322881779539,0.4513100892364026
0.30692263909693324,0.6787839738336929,0.5216293849617655,0.3328181888142602,0.38416027390062535,0.4867654213748893,-1.1419031601896752,1.1227406948902745,-0.27640547611245503,0.0927845928962813,-0.9181266598798626,1.0922334702183885,0.13754755190807244,-0.6858483151218423,-0.013848497570861205,-0.6232347816195338,-1.131899860237255,0.13330256880383487,0.32947363018580217,-1.5140293843390935
1.0268346851989916,0.6106451690234633,0.7332289389391939,-0.04863313533885063,-0.642627013851192,1.2530980889067072,1.3403070581116128,1.1621376782393946,-0.9966574145578785,0.3151682413255823,1.2150586894535689,1.159062335996735,0.25012670275095805,-0.4973451755017432,0.3330629371496658,-1.9445102172464068,0.5245588839591291,1.082371875007957,1.178440567667503,1.231321685455283
-1.2200597016254255,-0.05373524528060652,-0.675651551111766,0.520370440325029,-2.469656568338307,1.4311423264598089,-0.09044490621517319,0.7645275785575407,-0.09382047973090352,-0.26489620778228135,0.5694323198600373,-2.0356431019324512,1.6139103955700915,1.4230958693365707,-0.08941241310802651,-0.2718071104540274,0.7565127812220147,0.5987887768055641,0.6925050438260908,-1.2352730588123295
2.026566045561973,0.8656730726484176,0.511693208277103,-0.6961296979092096,1.2874606731745153,-1.339303321137384,0.19056900566540594,-1.0355367448455854,2.152170399064712,-1.5615458520530068,-0.8426846880654568,-1.7541727708898474,-2.5226060457743174,-1.641330193626031,0.2439051069556256,0.3555928959681583,2.3136089732866716,-0.38039226575386453,0.09648086518690766,-0.009293593460226344
-1.6087835334393963,-0.8694963607862979,0.9026159027258785,1.704912377054558,-0.8630922855778257,-1.2465611394145206,-0.014332484491352824,0.5159882374073367,-0.9495352683796646,0.00921166656701894,-0.8385478687228942,0.7041898344458665,-1.5684545638956395,-2.430601803485686,0.113690402406522,-0.8078557351729225,-0.4155291598598064,-0.8229066164636621,-1.031765440950038,-0.09877493251802122
1.2135668229246255,-1.919218416359525,1.2198565714585545,0.8278812996987087,-1.325340414669202,-0.19783612681447071,-0.7623814947423796,1.4475126587959504,-2.2018051427276624,0.27309427943033043,0.7967692570756879,0.38323178639640604,-0.5167858769203181,-2.4149840316121085,1.9829147837623098,1.4232311166430704,-0.2368376810752036,0.2927310462553289,0.7652812073741302,0.6911527025464311
-0.15724764754610823,0.47594288095274995,0.342827371134662,1.402539517107558,0.05006463707436361,-0.28651635849778484,-0.31495756899488114,0.4598796779480453,1.4229594454127343,0.28032095052233297,-1.5860556572870723,0.5810853443559849,-0.050729867517037536,0.5691066945520198,-0.3531822031692393,-1.0289347988501498,-0.4292734536808299,0.2583164089464183,-2.3178486476772737,-0.9138900771967241
0.07278893086862574,-1.6348448333767878,0.6138483186686811,0.6287456550327701,-0.22545681751456392,-0.2303237294935512,0.7157794895602098,-0.3033101773293897,0.35366812011312243,-0.16051637875119656,0.04047456015223668,1.6173362357435013,0.08283868424187384,-0.5022000407202041,0.7461464685816437,-1.0804692114279848,-0.3238901521380162,0.4949216530498502,-0.5588473926841337,-0.07405136811363026
-0.5524896855777294,-0.5208149525357257,-0.37697684863881187,-0.5493128163771126,-0.6589537264121297,-1.4694483406479113,-0.9839003754024138,1.1258112780126959,-0.3945214914771188,-0.1048240574739416,-0.13752402696464489,0.8943666547651561,-0.5830449458379524,-0.49229109601069426,-1.1923561568837036,-0.8907647836638225,0.12761696920386134,-0.0559043421505145,1.862788373053635,0.13923431583798784
-0.9574164043644035,-0.7148279628344547,1.0818531882752611,0.8938995381576725,-0.08507551456491967,0.9245734842109505,1.5163416749916767,0.4479103174052687,0.528087336262174,0.14559452574114162,1.668537986442289,-0.24718291592826067,0.6887215419265112,0.4651685689242921,0.4702489063999213,0.31584556049421514,0.2919373812540275,-0.28668066982387014,0.7985608524377753,1.7823732373930476
1.0323618781380333,-0.3845989037541275,0.12055527382287173,-0.15215602430206673,0.157930824602477,-0.022992375833550276,-0.6994574146479821,-1.4564889845881257,-0.43268521980260166,1.120184112641437,-0.4625934872754427,-0.12468502337049085,0.1484317029508789,-1.9881884067292444,-1.2690973219294297,-1.5725805600763292,0.6000404651216942,0.7208988731696979,-0.23113100671039094,-0.6149824723856248
-1.1526248156034735,-0.83948478662186,-0.6090811144437521,0.5115027101919373,-0.8420993144868155,-0.048146489091547846,2.01635927984881,-0.5989621448252814,0.945739107983572,0.2413050204722008,1.7514077582494363,0.1995871092804948,-0.3230946028594913,-0.6179227404959547,0.550613591825993,-1.3911791785222514,0.2899514563481484,-0.6935474950816433,-0.4715945584186767,0.058579444009834634
-1.0991093892969477,0.4436886587084064,1.2451018258599134,-2.209312942744586,1.509505004294897,0.583505657864839,-0.9930615106980866,-0.8438011347869819,0.2577448643552823,0.5137005341476629,-0.012670459699744641,1.2354498299251548,0.3921750542305307,1.1168152248875165,0.5740901975518101,0.07030814559685006,0.5461419341039122,-0.9076347801078668,0.526720020643114,0.24416706622010206
-0.24071015463667206,0.9317065652465587,0.13120200746298466,-0.26584830721412783,0.4756262801702394,-0.9326950103418827,0.4587632382488511,1.560046744362142,-0.0021116752820146668,-1.3391948529180513,-0.52040569797413,0.8500713980734366,-1.7207860840832974,0.43846439614343513,-0.37000989460413114,0.9008261387894607,0.726127861525296,1.0817806187156398,0.7763135445625593,-1.6218055214860447
0.12258088412928143,1.6619777714963113,0.6008807061152673,-0.028526744866604423,0.6246371893210934,0.397561423713553,0.3370017853302469,0.18084027897314733,0.7421908108214016,1.3099035248666615,-0.42688281923762583,-0.351942908829972,0.7099437775969195,-0.48935600219105907,-0.45425699804853925,-0.02190671107049812,0.8631985771870758,-0.5796276674288103,-1.4088620042023852,-0.4590571391738467
-0.16923323093269035,1.1981958875835854,-1.0360583202697473,-1.7276176596195265,1.901505238619568,-0.03687994284807532,-0.34475959461909783,-1.4008721407256925,-0.7664776856722918,-1.3598270532929544,0.5358915988655919,-1.135020430416113,-0.1357874923936361,1.4237787417378196,0.5736683993342163,0.12746817687802608,0.8861782397113956,0.1087136179768287,-1.7042105139951935,-1.3586696432104257
-0.8780794714337791,-1.251710322036496,1.2176806768808166,-0.7069408887830886,1.117974501329681,-0.4821037186491432,0.7325008479435636,-1.345790622695722,0.498872853290608,-1.126556040703224,0.21103788042846597,-0.4530656448626274,1.6027738001017076,-1.7430534195786427,-0.3805763406061121,0.37938481448434025,0.20284877518333908,-1.4233171137179892,0.3917320878072077,1.6640815673683638
-0.2731629325905242,-0.9120986432612674,0.6873625702223866,-1.1413190412367764,-1.1025426673702885,-0.2851302331176407,-1.2205790647595034,1.8989315613803388,-0.3210668054077102,-0.49741335064337394,-1.7270998142201253,-0.7155183135250152,1.310335744274315,0.06545254541507084,-1.4084141790781042,0.15915774060124602,0.910780827410736,-0.33115134790131534,1.3199736346815054,-0.44658870649480337
-0.6919771748363011,-0.6643187465584633,-1.504783571687294,-0.5346951584120828,0.3089405033007468,0.380445226571766,-0.056184900455781214,0.42488384375942695,2.0549203794503934,0.45685497983177853,0.6320694241777678,0.7388371527597941,0.6630667571576152,-0.21320448807891762,-0.11844192607190827,-0.814071255497399,0.07054785239168382,-0.5488998301405879,-1.4765121162690413,-2.1834060015720005
0.6815099055149983,-0.16875940162987915,1.3348864290413658,0.33703254763022533,0.7237732105810663,0.5754906190073003,0.29627073511203816,-0.8280691499225202,-1.7396940207579539,0.3564084412405928,0.36454469111812626,-1.9997061128460556,0.634612438501362,1.6066752138875737,-2.065412175052447,2.292083409671033,-1.269469988460134,0.5478225602616972,-0.7980785286405027,0.5831659776114851
0.49175022574064464,-0.21111831269237896,0.8833184548350315,0.5564525016311296,0.3834634529708831,0.10626442084942125,1.6587937330800706,0.5311833186229349,1.1206903090339762,-0.21896527598746068,-1.5280169023821761,-0.19366484451955965,0.2236705940428922,0.0268745083970058,-1.3253632948531613,-0.6664048097280884,-0.2525238437811285,-0.5805909030182801,0.829253121843871,-0.5212162069883293
-0.20962041675056056,0.7950570828486949,-0.7636994922877506,-0.18525095828042415,-0.2538395726951715,0.3719398950220593,0.4369494618451863,0.6324455151221449,-1.9374683904513685,-0.640629225976195,0.7990622111736911,-0.6486387756876715,0.23259946623946742,-0.3325318756881465,0.03652401421889343,0.19972890694226828,-0.471590526146997,-1.041645090699527,0.4873407837596225,-0.2966801243906006
-0.20291704099093746,-0.33541130305643024,0.14498153578955153,0.6319977790908243,2.322370722175985,-1.0756836544203126,0.20827444386285068,-1.0752190441278888,1.8045415460993484,1.7658086395701627,-1.0396832744644566,0.5249387997149194,1.2451127304961132,0.8311181387426892,0.40638843933497104,0.5508142999874652,0.06042148129083639,-1.0167355712874764,0.4528532390144817,-0.27793574911215085
0.10357295640217552,-1.4946694467516464,1.3417144970752752,0.8266420511100078,-0.703000270248084,0.026215421791508847,0.28654703943066334,-0.575847404192537,0.1432948055906409,0.42470374350457246,0.018909241615630352,0.4096489156817425,1.72286180022844,1.0495766937562616,-1.3098317250436362,-0.17451689272532275,-1.0438787250059753,-0.5400098805577825,0.7750769619703157,-0.6706942557876299
0.8571407201236172,0.667319254845501,1.083336552676478,-0.4542962922159629,-0.9432550004652409,-0.10064165149124518,0.805963572217567,0.9472789284036552,1.0404070955177345,-0.126808584512214,-1.1594131688528142,-0.15330996790990287,-2.0423556667811376,0.5337004832718429,-0.8223522677201955,0.7242255731097613,1.8100949195487093,-0.5448793182387208,-0.3107740331289901,-0.8538385350142732
-0.11126309149109088,-1.3697040869189878,-0.6179390769061636,-0.7111194475681232,-0.02151213553132612,1.8255096974526153,0.03745133851623268,-0.668308477258081,-0.4874133943512876,-0.7330831596313494,0.5069701672543179,1.3566704576051452,0.27730778471965395,-0.6528250775071206,1.8128190129820954,-0.009923419048649794,-0.02070960715198781,-1.3354869328274754,2.396765209155677,-0.4498822209173635
0.35074709766963114,0.8019046689246023,-0.41718163038186495,0.8191122213103318,-0.5259986353038427,-2.1756612387107936,-0.8496920670971713,-0.5741564219088946,-0.24490727898476491,0.23601043237323807,1.4850153293900583,-0.5770652441573122,-0.7782108520065397,2.2159021404501837,-0.9933033824818286,-0.14343601988268995,0.37692804420948856,0.28449614577016885,0.6538599369845247,-0.6064342470291645
